,business_id,day_of_week,opening_time_hours,closing_time_hours
0,O_X3PGhk3Y5JWVi866qlJg,Saturday,660,1080
1,O_X3PGhk3Y5JWVi866qlJg,Thursday,660,1080
2,O_X3PGhk3Y5JWVi866qlJg,Monday,660,1080
3,O_X3PGhk3Y5JWVi866qlJg,Tuesday,660,1080
4,O_X3PGhk3Y5JWVi866qlJg,Wednesday,660,1080
5,O_X3PGhk3Y5JWVi866qlJg,Friday,660,1080
6,O_X3PGhk3Y5JWVi866qlJg,Sunday,660,1080
7,7lbvsGKzhjuX3oJtaXJvOg,Saturday,600,1260
8,7lbvsGKzhjuX3oJtaXJvOg,Thursday,600,1260
9,7lbvsGKzhjuX3oJtaXJvOg,Monday,600,1260
10,7lbvsGKzhjuX3oJtaXJvOg,Tuesday,600,1260
11,7lbvsGKzhjuX3oJtaXJvOg,Wednesday,600,1260
12,7lbvsGKzhjuX3oJtaXJvOg,Friday,600,1260
13,7lbvsGKzhjuX3oJtaXJvOg,Sunday,660,1080
14,gjxoKVsRJwEoa8zd9XxlAw,Saturday,360,1140
15,gjxoKVsRJwEoa8zd9XxlAw,Thursday,360,1140
16,gjxoKVsRJwEoa8zd9XxlAw,Monday,360,1140
17,gjxoKVsRJwEoa8zd9XxlAw,Tuesday,360,1140
18,gjxoKVsRJwEoa8zd9XxlAw,Wednesday,360,1140
19,gjxoKVsRJwEoa8zd9XxlAw,Friday,360,1140
20,gjxoKVsRJwEoa8zd9XxlAw,Sunday,360,1140
21,ShUDf64NVkwCe8izdUbYuw,Saturday,360,360
22,ShUDf64NVkwCe8izdUbYuw,Thursday,360,360
23,ShUDf64NVkwCe8izdUbYuw,Monday,360,360
24,ShUDf64NVkwCe8izdUbYuw,Tuesday,360,360
25,ShUDf64NVkwCe8izdUbYuw,Wednesday,360,360
26,ShUDf64NVkwCe8izdUbYuw,Friday,360,360
27,ShUDf64NVkwCe8izdUbYuw,Sunday,1200,180
28,mQfT3JYu18HN22DVylcE7A,Saturday,480,870
29,mQfT3JYu18HN22DVylcE7A,Thursday,450,930
30,mQfT3JYu18HN22DVylcE7A,Monday,450,930
31,mQfT3JYu18HN22DVylcE7A,Tuesday,450,930
32,mQfT3JYu18HN22DVylcE7A,Wednesday,450,930
33,mQfT3JYu18HN22DVylcE7A,Friday,450,930
34,cqXv3w9Mf-aVi4PPRspfFQ,Saturday,600,1140
35,cqXv3w9Mf-aVi4PPRspfFQ,Thursday,600,1140
36,cqXv3w9Mf-aVi4PPRspfFQ,Monday,600,1140
37,cqXv3w9Mf-aVi4PPRspfFQ,Tuesday,600,1140
38,cqXv3w9Mf-aVi4PPRspfFQ,Wednesday,600,1140
39,cqXv3w9Mf-aVi4PPRspfFQ,Friday,600,1140
40,cqXv3w9Mf-aVi4PPRspfFQ,Sunday,660,1020
41,MiVcQsXp3TYUmeD7FSa-hA,Saturday,660,900
42,MiVcQsXp3TYUmeD7FSa-hA,Thursday,480,960
43,MiVcQsXp3TYUmeD7FSa-hA,Monday,480,960
44,MiVcQsXp3TYUmeD7FSa-hA,Tuesday,480,960
45,MiVcQsXp3TYUmeD7FSa-hA,Wednesday,480,960
46,MiVcQsXp3TYUmeD7FSa-hA,Friday,480,960
47,2agDSZF593OlXDj7SZtVxw,Saturday,540,1020
48,2agDSZF593OlXDj7SZtVxw,Thursday,540,1140
49,2agDSZF593OlXDj7SZtVxw,Monday,540,1080
50,2agDSZF593OlXDj7SZtVxw,Tuesday,540,1140
51,2agDSZF593OlXDj7SZtVxw,Wednesday,540,840
52,2agDSZF593OlXDj7SZtVxw,Friday,540,840
53,ClluhYAaVzuoha89uJmr7g,Saturday,480,1080
54,ClluhYAaVzuoha89uJmr7g,Thursday,420,1200
55,ClluhYAaVzuoha89uJmr7g,Monday,420,1200
56,ClluhYAaVzuoha89uJmr7g,Tuesday,420,1200
57,ClluhYAaVzuoha89uJmr7g,Wednesday,420,1200
58,ClluhYAaVzuoha89uJmr7g,Friday,420,1200
59,ClluhYAaVzuoha89uJmr7g,Sunday,600,960
60,6fvsIZmmecvphJDiuDFR9w,Saturday,540,1260
61,6fvsIZmmecvphJDiuDFR9w,Thursday,540,1260
62,6fvsIZmmecvphJDiuDFR9w,Monday,540,1260
63,6fvsIZmmecvphJDiuDFR9w,Tuesday,540,1260
64,6fvsIZmmecvphJDiuDFR9w,Wednesday,540,1260
65,6fvsIZmmecvphJDiuDFR9w,Friday,540,1260
66,6fvsIZmmecvphJDiuDFR9w,Sunday,600,1080
67,6zXaBSWYQThXT5z9IDY8lw,Saturday,600,1140
68,6zXaBSWYQThXT5z9IDY8lw,Thursday,600,1140
69,6zXaBSWYQThXT5z9IDY8lw,Monday,600,1140
70,6zXaBSWYQThXT5z9IDY8lw,Tuesday,600,1140
71,6zXaBSWYQThXT5z9IDY8lw,Wednesday,600,1140
72,6zXaBSWYQThXT5z9IDY8lw,Friday,600,1140
73,6zXaBSWYQThXT5z9IDY8lw,Sunday,660,960
74,W0eocyGliMbg8NScqERaiA,Saturday,540,960
75,W0eocyGliMbg8NScqERaiA,Thursday,960,60
76,W0eocyGliMbg8NScqERaiA,Tuesday,960,1320
77,W0eocyGliMbg8NScqERaiA,Wednesday,960,0
78,W0eocyGliMbg8NScqERaiA,Friday,960,120
79,W0eocyGliMbg8NScqERaiA,Sunday,540,1080
80,J8T6Fu7RSczrflZ5rC6wvQ,Saturday,360,330
81,J8T6Fu7RSczrflZ5rC6wvQ,Thursday,360,330
82,J8T6Fu7RSczrflZ5rC6wvQ,Monday,360,330
83,J8T6Fu7RSczrflZ5rC6wvQ,Tuesday,360,330
84,J8T6Fu7RSczrflZ5rC6wvQ,Wednesday,360,330
85,J8T6Fu7RSczrflZ5rC6wvQ,Friday,360,330
86,J8T6Fu7RSczrflZ5rC6wvQ,Sunday,360,330
87,sbD4f8aOsXZ6PJYh1kN4Ag,Saturday,660,1260
88,sbD4f8aOsXZ6PJYh1kN4Ag,Thursday,660,1260
89,sbD4f8aOsXZ6PJYh1kN4Ag,Monday,660,1260
90,sbD4f8aOsXZ6PJYh1kN4Ag,Tuesday,660,1260
91,sbD4f8aOsXZ6PJYh1kN4Ag,Wednesday,660,1260
92,sbD4f8aOsXZ6PJYh1kN4Ag,Friday,660,1260
93,sbD4f8aOsXZ6PJYh1kN4Ag,Sunday,660,1080
94,nV_7lAYFVISEs-Te4e39gA,Saturday,600,1020
95,nV_7lAYFVISEs-Te4e39gA,Thursday,540,1050
96,nV_7lAYFVISEs-Te4e39gA,Monday,540,1050
97,nV_7lAYFVISEs-Te4e39gA,Tuesday,540,1050
98,nV_7lAYFVISEs-Te4e39gA,Wednesday,540,1050
99,nV_7lAYFVISEs-Te4e39gA,Friday,540,1050
100,HfWkdqxegjiGEXzI8j7Wwg,Saturday,0,0
101,HfWkdqxegjiGEXzI8j7Wwg,Thursday,0,0
102,HfWkdqxegjiGEXzI8j7Wwg,Monday,0,0
103,HfWkdqxegjiGEXzI8j7Wwg,Tuesday,0,0
104,HfWkdqxegjiGEXzI8j7Wwg,Wednesday,0,0
105,HfWkdqxegjiGEXzI8j7Wwg,Friday,0,0
106,HfWkdqxegjiGEXzI8j7Wwg,Sunday,0,0
107,2KAOVu8cloYC7xC6IGFGIQ,Saturday,540,840
108,2KAOVu8cloYC7xC6IGFGIQ,Thursday,480,1080
109,2KAOVu8cloYC7xC6IGFGIQ,Monday,480,1080
110,2KAOVu8cloYC7xC6IGFGIQ,Tuesday,480,1080
111,2KAOVu8cloYC7xC6IGFGIQ,Wednesday,480,1080
112,2KAOVu8cloYC7xC6IGFGIQ,Friday,480,1080
113,h3suimHlSVRu9V_AJxbbGw,Saturday,570,1260
114,h3suimHlSVRu9V_AJxbbGw,Thursday,570,1260
115,h3suimHlSVRu9V_AJxbbGw,Monday,570,1260
116,h3suimHlSVRu9V_AJxbbGw,Tuesday,570,1260
117,h3suimHlSVRu9V_AJxbbGw,Wednesday,570,1260
118,h3suimHlSVRu9V_AJxbbGw,Friday,570,1260
119,h3suimHlSVRu9V_AJxbbGw,Sunday,600,1140
120,-tNGtyL1Tx20Od4npKkdcg,Saturday,600,1080
121,-tNGtyL1Tx20Od4npKkdcg,Thursday,600,1080
122,-tNGtyL1Tx20Od4npKkdcg,Monday,600,1080
123,-tNGtyL1Tx20Od4npKkdcg,Tuesday,600,1080
124,-tNGtyL1Tx20Od4npKkdcg,Wednesday,600,1080
125,-tNGtyL1Tx20Od4npKkdcg,Friday,600,1080
126,-tNGtyL1Tx20Od4npKkdcg,Sunday,720,1020
127,RxYntP8Gsu9hH6gtGjQGVw,Saturday,600,1260
128,RxYntP8Gsu9hH6gtGjQGVw,Thursday,600,1260
129,RxYntP8Gsu9hH6gtGjQGVw,Monday,600,1260
130,RxYntP8Gsu9hH6gtGjQGVw,Tuesday,600,1260
131,RxYntP8Gsu9hH6gtGjQGVw,Wednesday,600,1260
132,RxYntP8Gsu9hH6gtGjQGVw,Friday,600,1260
133,RxYntP8Gsu9hH6gtGjQGVw,Sunday,600,960
134,CqhsIZ7TzCfJTrZqg5-gqQ,Saturday,660,120
135,CqhsIZ7TzCfJTrZqg5-gqQ,Thursday,660,120
136,CqhsIZ7TzCfJTrZqg5-gqQ,Monday,660,120
137,CqhsIZ7TzCfJTrZqg5-gqQ,Tuesday,660,120
138,CqhsIZ7TzCfJTrZqg5-gqQ,Wednesday,660,120
139,CqhsIZ7TzCfJTrZqg5-gqQ,Friday,660,120
140,CqhsIZ7TzCfJTrZqg5-gqQ,Sunday,660,120
141,_yGo2ubkwQPXcKrdcURSNw,Saturday,0,0
142,_yGo2ubkwQPXcKrdcURSNw,Thursday,0,0
143,_yGo2ubkwQPXcKrdcURSNw,Monday,0,0
144,_yGo2ubkwQPXcKrdcURSNw,Tuesday,0,0
145,_yGo2ubkwQPXcKrdcURSNw,Wednesday,0,0
146,_yGo2ubkwQPXcKrdcURSNw,Friday,0,0
147,_yGo2ubkwQPXcKrdcURSNw,Sunday,0,0
148,ChmqODwuYP1ewjmWXtxtsg,Saturday,660,1290
149,ChmqODwuYP1ewjmWXtxtsg,Thursday,660,1260
150,ChmqODwuYP1ewjmWXtxtsg,Monday,660,1260
151,ChmqODwuYP1ewjmWXtxtsg,Tuesday,660,1260
152,ChmqODwuYP1ewjmWXtxtsg,Wednesday,660,1260
153,ChmqODwuYP1ewjmWXtxtsg,Friday,660,1290
154,ChmqODwuYP1ewjmWXtxtsg,Sunday,660,1290
155,IW9yHeqnFCEbO5s1UCrqeA,Saturday,540,1110
156,IW9yHeqnFCEbO5s1UCrqeA,Thursday,540,1110
157,IW9yHeqnFCEbO5s1UCrqeA,Tuesday,540,1110
158,IW9yHeqnFCEbO5s1UCrqeA,Wednesday,540,1110
159,IW9yHeqnFCEbO5s1UCrqeA,Friday,540,1110
160,IW9yHeqnFCEbO5s1UCrqeA,Sunday,600,1080
161,2Bd3gy5lmINZ-2QxXVRLdA,Saturday,450,1200
162,2Bd3gy5lmINZ-2QxXVRLdA,Thursday,390,1140
163,2Bd3gy5lmINZ-2QxXVRLdA,Monday,390,1140
164,2Bd3gy5lmINZ-2QxXVRLdA,Tuesday,390,1140
165,2Bd3gy5lmINZ-2QxXVRLdA,Wednesday,390,1140
166,2Bd3gy5lmINZ-2QxXVRLdA,Friday,390,1200
167,2Bd3gy5lmINZ-2QxXVRLdA,Sunday,480,900
168,-KF9RQPkmIOHfE0tzUu9bg,Saturday,240,1320
169,-KF9RQPkmIOHfE0tzUu9bg,Thursday,240,1320
170,-KF9RQPkmIOHfE0tzUu9bg,Monday,240,1320
171,-KF9RQPkmIOHfE0tzUu9bg,Tuesday,240,1320
172,-KF9RQPkmIOHfE0tzUu9bg,Wednesday,240,1320
173,-KF9RQPkmIOHfE0tzUu9bg,Friday,240,1320
174,-KF9RQPkmIOHfE0tzUu9bg,Sunday,240,1320
175,6w_k3NCXF_p8UTWDxpOF5w,Saturday,660,1260
176,6w_k3NCXF_p8UTWDxpOF5w,Thursday,660,1260
177,6w_k3NCXF_p8UTWDxpOF5w,Monday,660,1260
178,6w_k3NCXF_p8UTWDxpOF5w,Tuesday,660,1260
179,6w_k3NCXF_p8UTWDxpOF5w,Wednesday,660,1260
180,6w_k3NCXF_p8UTWDxpOF5w,Friday,660,1260
181,6w_k3NCXF_p8UTWDxpOF5w,Sunday,660,1260
182,Atbyj1_dXFUDysgvGKMdbw,Saturday,540,1080
183,Atbyj1_dXFUDysgvGKMdbw,Thursday,540,1140
184,Atbyj1_dXFUDysgvGKMdbw,Monday,540,1140
185,Atbyj1_dXFUDysgvGKMdbw,Tuesday,540,1140
186,Atbyj1_dXFUDysgvGKMdbw,Wednesday,540,1140
187,Atbyj1_dXFUDysgvGKMdbw,Friday,540,1140
188,Atbyj1_dXFUDysgvGKMdbw,Sunday,660,1020
189,1zM7busmXUfYrbNiIHIcuw,Saturday,600,0
190,1zM7busmXUfYrbNiIHIcuw,Thursday,600,1320
191,1zM7busmXUfYrbNiIHIcuw,Monday,600,1320
192,1zM7busmXUfYrbNiIHIcuw,Tuesday,600,1320
193,1zM7busmXUfYrbNiIHIcuw,Wednesday,600,1320
194,1zM7busmXUfYrbNiIHIcuw,Friday,600,0
195,1zM7busmXUfYrbNiIHIcuw,Sunday,600,1320
196,MwIM3O0p8V_y2ttXz0_xGw,Thursday,420,960
197,MwIM3O0p8V_y2ttXz0_xGw,Monday,420,960
198,MwIM3O0p8V_y2ttXz0_xGw,Tuesday,420,960
199,MwIM3O0p8V_y2ttXz0_xGw,Wednesday,420,960
200,6QolvUp7cFFIWKRnJnh3GQ,Saturday,480,1200
201,6QolvUp7cFFIWKRnJnh3GQ,Thursday,360,1200
202,6QolvUp7cFFIWKRnJnh3GQ,Monday,360,1200
203,6QolvUp7cFFIWKRnJnh3GQ,Tuesday,360,1200
204,6QolvUp7cFFIWKRnJnh3GQ,Wednesday,360,1200
205,6QolvUp7cFFIWKRnJnh3GQ,Friday,420,1200
206,AZqwEahCRmVpyMm-OzueGQ,Saturday,540,1080
207,AZqwEahCRmVpyMm-OzueGQ,Thursday,540,1140
208,AZqwEahCRmVpyMm-OzueGQ,Monday,540,1140
209,AZqwEahCRmVpyMm-OzueGQ,Tuesday,540,1140
210,AZqwEahCRmVpyMm-OzueGQ,Wednesday,540,1140
211,AZqwEahCRmVpyMm-OzueGQ,Friday,540,1140
212,AZqwEahCRmVpyMm-OzueGQ,Sunday,600,1020
213,9ggd0DySEZNw990JGaFSQQ,Saturday,600,1260
214,9ggd0DySEZNw990JGaFSQQ,Thursday,600,1260
215,9ggd0DySEZNw990JGaFSQQ,Monday,600,1260
216,9ggd0DySEZNw990JGaFSQQ,Tuesday,600,1260
217,9ggd0DySEZNw990JGaFSQQ,Wednesday,600,1260
218,9ggd0DySEZNw990JGaFSQQ,Friday,600,1260
219,9ggd0DySEZNw990JGaFSQQ,Sunday,660,1080
220,lK408BRA42pDIwk89dxSVQ,Saturday,0,0
221,lK408BRA42pDIwk89dxSVQ,Thursday,0,0
222,lK408BRA42pDIwk89dxSVQ,Monday,0,0
223,lK408BRA42pDIwk89dxSVQ,Tuesday,0,0
224,lK408BRA42pDIwk89dxSVQ,Wednesday,0,0
225,lK408BRA42pDIwk89dxSVQ,Friday,0,0
226,lK408BRA42pDIwk89dxSVQ,Sunday,0,0
227,sSJeLgg3bQTR3vHkkJd9rQ,Saturday,600,1260
228,sSJeLgg3bQTR3vHkkJd9rQ,Thursday,600,1260
229,sSJeLgg3bQTR3vHkkJd9rQ,Monday,600,1260
230,sSJeLgg3bQTR3vHkkJd9rQ,Tuesday,600,1260
231,sSJeLgg3bQTR3vHkkJd9rQ,Wednesday,600,1260
232,sSJeLgg3bQTR3vHkkJd9rQ,Friday,600,1260
233,sSJeLgg3bQTR3vHkkJd9rQ,Sunday,660,1080
234,9nJi8n5l7ufJZ9PbhNJT8w,Saturday,360,1260
235,9nJi8n5l7ufJZ9PbhNJT8w,Thursday,360,1260
236,9nJi8n5l7ufJZ9PbhNJT8w,Monday,360,1260
237,9nJi8n5l7ufJZ9PbhNJT8w,Tuesday,360,1260
238,9nJi8n5l7ufJZ9PbhNJT8w,Wednesday,360,1260
239,9nJi8n5l7ufJZ9PbhNJT8w,Friday,360,1260
240,9nJi8n5l7ufJZ9PbhNJT8w,Sunday,480,1200
241,EeQlS9VLlfWT25-MeYsJTg,Saturday,600,1320
242,EeQlS9VLlfWT25-MeYsJTg,Thursday,600,1260
243,EeQlS9VLlfWT25-MeYsJTg,Monday,600,1260
244,EeQlS9VLlfWT25-MeYsJTg,Tuesday,600,1260
245,EeQlS9VLlfWT25-MeYsJTg,Wednesday,600,1260
246,EeQlS9VLlfWT25-MeYsJTg,Friday,600,1320
247,EeQlS9VLlfWT25-MeYsJTg,Sunday,660,1260
248,rwMuRGUUsXBYv8Wgiw1Qpw,Saturday,540,1020
249,rwMuRGUUsXBYv8Wgiw1Qpw,Thursday,540,1020
250,rwMuRGUUsXBYv8Wgiw1Qpw,Monday,540,1020
251,rwMuRGUUsXBYv8Wgiw1Qpw,Tuesday,540,1020
252,rwMuRGUUsXBYv8Wgiw1Qpw,Wednesday,540,1020
253,rwMuRGUUsXBYv8Wgiw1Qpw,Friday,540,1020
254,yC3ydbHAJTZ22FZp4LynFg,Saturday,510,0
255,yC3ydbHAJTZ22FZp4LynFg,Thursday,630,1200
256,yC3ydbHAJTZ22FZp4LynFg,Monday,630,1200
257,yC3ydbHAJTZ22FZp4LynFg,Tuesday,630,1200
258,yC3ydbHAJTZ22FZp4LynFg,Wednesday,630,1200
259,yC3ydbHAJTZ22FZp4LynFg,Friday,630,0
260,yC3ydbHAJTZ22FZp4LynFg,Sunday,510,1200
261,xEqfRXaHgX-SpiTyB66anQ,Saturday,480,960
262,xEqfRXaHgX-SpiTyB66anQ,Thursday,450,1050
263,xEqfRXaHgX-SpiTyB66anQ,Monday,450,1050
264,xEqfRXaHgX-SpiTyB66anQ,Tuesday,450,1050
265,xEqfRXaHgX-SpiTyB66anQ,Wednesday,450,1050
266,xEqfRXaHgX-SpiTyB66anQ,Friday,450,1050
267,vSFo-dxhQN9gWMaGdiNNFQ,Thursday,540,1050
268,vSFo-dxhQN9gWMaGdiNNFQ,Wednesday,540,1050
269,vSFo-dxhQN9gWMaGdiNNFQ,Friday,540,1050
270,fHssE8P0JYd4sEcMTR9WdQ,Thursday,540,1080
271,fHssE8P0JYd4sEcMTR9WdQ,Saturday,480,840
272,fHssE8P0JYd4sEcMTR9WdQ,Tuesday,540,1080
273,fHssE8P0JYd4sEcMTR9WdQ,Wednesday,540,1080
274,fHssE8P0JYd4sEcMTR9WdQ,Friday,480,1020
275,IWwt0vm8lYbVoyGSPd2Z9A,Saturday,420,1350
276,IWwt0vm8lYbVoyGSPd2Z9A,Thursday,420,1320
277,IWwt0vm8lYbVoyGSPd2Z9A,Monday,420,1320
278,IWwt0vm8lYbVoyGSPd2Z9A,Tuesday,420,1320
279,IWwt0vm8lYbVoyGSPd2Z9A,Wednesday,420,1320
280,IWwt0vm8lYbVoyGSPd2Z9A,Friday,420,1350
281,IWwt0vm8lYbVoyGSPd2Z9A,Sunday,420,1320
282,oxsCvEkQNNIbOPDt_QK_0A,Saturday,660,870
283,oxsCvEkQNNIbOPDt_QK_0A,Thursday,660,870
284,oxsCvEkQNNIbOPDt_QK_0A,Monday,660,870
285,oxsCvEkQNNIbOPDt_QK_0A,Tuesday,1020,1320
286,oxsCvEkQNNIbOPDt_QK_0A,Wednesday,660,870
287,oxsCvEkQNNIbOPDt_QK_0A,Friday,660,870
288,oxsCvEkQNNIbOPDt_QK_0A,Sunday,660,870
289,pSiR8m18iick2D7TFdmb-Q,Saturday,660,1290
290,pSiR8m18iick2D7TFdmb-Q,Thursday,660,1290
291,pSiR8m18iick2D7TFdmb-Q,Monday,660,1290
292,pSiR8m18iick2D7TFdmb-Q,Tuesday,660,1290
293,pSiR8m18iick2D7TFdmb-Q,Wednesday,660,1290
294,pSiR8m18iick2D7TFdmb-Q,Friday,660,1290
295,pSiR8m18iick2D7TFdmb-Q,Sunday,630,1260
296,-NrEcXQ0qioMwkRsgoq8Kw,Thursday,480,1020
297,-NrEcXQ0qioMwkRsgoq8Kw,Monday,480,1020
298,-NrEcXQ0qioMwkRsgoq8Kw,Tuesday,480,1020
299,-NrEcXQ0qioMwkRsgoq8Kw,Wednesday,480,1020
300,-NrEcXQ0qioMwkRsgoq8Kw,Friday,480,1020
301,iZpgRNPogioU5sEaDyl5uw,Saturday,660,1350
302,iZpgRNPogioU5sEaDyl5uw,Thursday,660,1290
303,iZpgRNPogioU5sEaDyl5uw,Monday,660,1290
304,iZpgRNPogioU5sEaDyl5uw,Tuesday,660,1290
305,iZpgRNPogioU5sEaDyl5uw,Wednesday,660,1290
306,iZpgRNPogioU5sEaDyl5uw,Friday,660,1350
307,iZpgRNPogioU5sEaDyl5uw,Sunday,660,1290
308,lLC7pJSpnF9CDfL9Gbg-Sg,Saturday,0,0
309,lLC7pJSpnF9CDfL9Gbg-Sg,Thursday,0,0
310,lLC7pJSpnF9CDfL9Gbg-Sg,Monday,0,0
311,lLC7pJSpnF9CDfL9Gbg-Sg,Tuesday,0,0
312,lLC7pJSpnF9CDfL9Gbg-Sg,Wednesday,0,0
313,lLC7pJSpnF9CDfL9Gbg-Sg,Friday,0,0
314,lLC7pJSpnF9CDfL9Gbg-Sg,Sunday,0,0
315,-_K8AE722c1u9Dsa8jo_vg,Saturday,540,900
316,-_K8AE722c1u9Dsa8jo_vg,Thursday,570,840
317,-_K8AE722c1u9Dsa8jo_vg,Monday,540,1020
318,-_K8AE722c1u9Dsa8jo_vg,Tuesday,570,840
319,-_K8AE722c1u9Dsa8jo_vg,Wednesday,570,840
320,-_K8AE722c1u9Dsa8jo_vg,Friday,570,840
321,-_K8AE722c1u9Dsa8jo_vg,Sunday,540,1020
322,Cr2JNnewX53TYd9w6qw6Jw,Saturday,630,1320
323,Cr2JNnewX53TYd9w6qw6Jw,Thursday,630,1260
324,Cr2JNnewX53TYd9w6qw6Jw,Monday,630,1260
325,Cr2JNnewX53TYd9w6qw6Jw,Tuesday,630,1260
326,Cr2JNnewX53TYd9w6qw6Jw,Wednesday,630,1260
327,Cr2JNnewX53TYd9w6qw6Jw,Friday,630,1320
328,Cr2JNnewX53TYd9w6qw6Jw,Sunday,660,1260
329,NQ9k6FFG5IkylMdM8cQnmQ,Thursday,540,1050
330,NQ9k6FFG5IkylMdM8cQnmQ,Monday,540,1050
331,NQ9k6FFG5IkylMdM8cQnmQ,Tuesday,540,1050
332,NQ9k6FFG5IkylMdM8cQnmQ,Wednesday,540,870
333,NQ9k6FFG5IkylMdM8cQnmQ,Friday,540,1050
334,DDnmNTvIIQu2t3WZ2EQx-w,Saturday,660,1320
335,DDnmNTvIIQu2t3WZ2EQx-w,Thursday,660,1320
336,DDnmNTvIIQu2t3WZ2EQx-w,Monday,660,1260
337,DDnmNTvIIQu2t3WZ2EQx-w,Tuesday,660,1320
338,DDnmNTvIIQu2t3WZ2EQx-w,Wednesday,660,1320
339,DDnmNTvIIQu2t3WZ2EQx-w,Friday,660,1320
340,DDnmNTvIIQu2t3WZ2EQx-w,Sunday,600,1260
341,FCcFT610nQBVcRdY-devQA,Saturday,660,0
342,FCcFT610nQBVcRdY-devQA,Thursday,660,1320
343,FCcFT610nQBVcRdY-devQA,Monday,660,1320
344,FCcFT610nQBVcRdY-devQA,Tuesday,660,1320
345,FCcFT610nQBVcRdY-devQA,Wednesday,660,1320
346,FCcFT610nQBVcRdY-devQA,Friday,660,0
347,FCcFT610nQBVcRdY-devQA,Sunday,600,1320
348,X_J65cnN3jJWGYacyNwKGg,Thursday,630,900
349,X_J65cnN3jJWGYacyNwKGg,Monday,630,900
350,X_J65cnN3jJWGYacyNwKGg,Tuesday,630,900
351,X_J65cnN3jJWGYacyNwKGg,Wednesday,630,900
352,X_J65cnN3jJWGYacyNwKGg,Friday,630,900
353,vfzUNcV9B3RhDyuZp0I1pQ,Saturday,660,1380
354,vfzUNcV9B3RhDyuZp0I1pQ,Thursday,660,1320
355,vfzUNcV9B3RhDyuZp0I1pQ,Monday,660,1320
356,vfzUNcV9B3RhDyuZp0I1pQ,Tuesday,660,1320
357,vfzUNcV9B3RhDyuZp0I1pQ,Wednesday,660,1320
358,vfzUNcV9B3RhDyuZp0I1pQ,Friday,660,1380
359,vfzUNcV9B3RhDyuZp0I1pQ,Sunday,660,1320
360,X4lwZ6Msx9GvpDBElqsv8A,Saturday,360,1260
361,X4lwZ6Msx9GvpDBElqsv8A,Thursday,360,1260
362,X4lwZ6Msx9GvpDBElqsv8A,Monday,360,1260
363,X4lwZ6Msx9GvpDBElqsv8A,Tuesday,360,1260
364,X4lwZ6Msx9GvpDBElqsv8A,Wednesday,360,1260
365,X4lwZ6Msx9GvpDBElqsv8A,Friday,360,1260
366,X4lwZ6Msx9GvpDBElqsv8A,Sunday,480,1200
367,r_0k2yqAo1Z4tg_IgXr7Jg,Saturday,540,1380
368,r_0k2yqAo1Z4tg_IgXr7Jg,Thursday,540,1320
369,r_0k2yqAo1Z4tg_IgXr7Jg,Monday,540,1320
370,r_0k2yqAo1Z4tg_IgXr7Jg,Tuesday,540,1320
371,r_0k2yqAo1Z4tg_IgXr7Jg,Wednesday,540,1320
372,r_0k2yqAo1Z4tg_IgXr7Jg,Friday,540,1380
373,r_0k2yqAo1Z4tg_IgXr7Jg,Sunday,540,1320
374,qjmCVYkwP-HDa35jwYucbQ,Saturday,600,1320
375,qjmCVYkwP-HDa35jwYucbQ,Thursday,660,1260
376,qjmCVYkwP-HDa35jwYucbQ,Monday,660,1260
377,qjmCVYkwP-HDa35jwYucbQ,Tuesday,660,1260
378,qjmCVYkwP-HDa35jwYucbQ,Wednesday,660,1260
379,qjmCVYkwP-HDa35jwYucbQ,Friday,660,1320
380,qjmCVYkwP-HDa35jwYucbQ,Sunday,600,1260
381,GcBgWPwxAlo2l4M7BrBMyA,Saturday,450,1020
382,GcBgWPwxAlo2l4M7BrBMyA,Thursday,420,1080
383,GcBgWPwxAlo2l4M7BrBMyA,Monday,420,1080
384,GcBgWPwxAlo2l4M7BrBMyA,Tuesday,420,1080
385,GcBgWPwxAlo2l4M7BrBMyA,Wednesday,420,1080
386,GcBgWPwxAlo2l4M7BrBMyA,Friday,420,1080
387,07UqHgBkJ4Kach2sVT2FdQ,Saturday,360,1020
388,07UqHgBkJ4Kach2sVT2FdQ,Thursday,420,1020
389,07UqHgBkJ4Kach2sVT2FdQ,Monday,420,1020
390,07UqHgBkJ4Kach2sVT2FdQ,Tuesday,420,1020
391,07UqHgBkJ4Kach2sVT2FdQ,Wednesday,420,1020
392,07UqHgBkJ4Kach2sVT2FdQ,Friday,420,960
393,07UqHgBkJ4Kach2sVT2FdQ,Sunday,360,1020
394,Jje3kP5CNasYDSpH0NPRGQ,Saturday,660,1320
395,Jje3kP5CNasYDSpH0NPRGQ,Thursday,660,1260
396,Jje3kP5CNasYDSpH0NPRGQ,Monday,660,1260
397,Jje3kP5CNasYDSpH0NPRGQ,Tuesday,660,1260
398,Jje3kP5CNasYDSpH0NPRGQ,Wednesday,660,1260
399,Jje3kP5CNasYDSpH0NPRGQ,Friday,660,1320
400,Jje3kP5CNasYDSpH0NPRGQ,Sunday,660,1260
401,k8B-ZZZezlXYLE7YC7FvQg,Saturday,600,960
402,k8B-ZZZezlXYLE7YC7FvQg,Thursday,480,1020
403,k8B-ZZZezlXYLE7YC7FvQg,Monday,480,1020
404,k8B-ZZZezlXYLE7YC7FvQg,Tuesday,480,1020
405,k8B-ZZZezlXYLE7YC7FvQg,Wednesday,480,1020
406,k8B-ZZZezlXYLE7YC7FvQg,Friday,480,1020
407,eD3gubPVM3MyAXXnyE-K3g,Thursday,510,1020
408,eD3gubPVM3MyAXXnyE-K3g,Monday,510,1020
409,eD3gubPVM3MyAXXnyE-K3g,Tuesday,510,1020
410,eD3gubPVM3MyAXXnyE-K3g,Wednesday,510,1020
411,eD3gubPVM3MyAXXnyE-K3g,Friday,510,1020
412,zRxSXco0Fs42aPzR6rJSzw,Thursday,510,1050
413,zRxSXco0Fs42aPzR6rJSzw,Monday,510,1050
414,zRxSXco0Fs42aPzR6rJSzw,Tuesday,510,1050
415,zRxSXco0Fs42aPzR6rJSzw,Wednesday,510,1050
416,zRxSXco0Fs42aPzR6rJSzw,Friday,510,960
417,zRxSXco0Fs42aPzR6rJSzw,Sunday,510,780
418,R53UdKGf8uKUIqErS4vc0g,Saturday,630,1260
419,R53UdKGf8uKUIqErS4vc0g,Thursday,630,1260
420,R53UdKGf8uKUIqErS4vc0g,Monday,630,1260
421,R53UdKGf8uKUIqErS4vc0g,Tuesday,630,1260
422,R53UdKGf8uKUIqErS4vc0g,Wednesday,630,1260
423,R53UdKGf8uKUIqErS4vc0g,Friday,630,1260
424,R53UdKGf8uKUIqErS4vc0g,Sunday,630,1200
425,3RCa_Qq-j1yaySmdDvYwZw,Thursday,480,1020
426,3RCa_Qq-j1yaySmdDvYwZw,Monday,480,1020
427,3RCa_Qq-j1yaySmdDvYwZw,Tuesday,420,1020
428,3RCa_Qq-j1yaySmdDvYwZw,Wednesday,480,1020
429,3RCa_Qq-j1yaySmdDvYwZw,Friday,480,1020
430,ElEF5b3n27IBzbA4R-1M1g,Thursday,420,1140
431,ElEF5b3n27IBzbA4R-1M1g,Monday,420,1140
432,ElEF5b3n27IBzbA4R-1M1g,Tuesday,420,1140
433,ElEF5b3n27IBzbA4R-1M1g,Wednesday,420,1140
434,ElEF5b3n27IBzbA4R-1M1g,Friday,420,1140
435,W3VsNhHLMRj5ABMdMcpaUw,Saturday,600,1260
436,W3VsNhHLMRj5ABMdMcpaUw,Thursday,600,1260
437,W3VsNhHLMRj5ABMdMcpaUw,Monday,600,1260
438,W3VsNhHLMRj5ABMdMcpaUw,Tuesday,600,1260
439,W3VsNhHLMRj5ABMdMcpaUw,Wednesday,600,1260
440,W3VsNhHLMRj5ABMdMcpaUw,Friday,600,1260
441,W3VsNhHLMRj5ABMdMcpaUw,Sunday,720,1080
442,U7KGTH26f4uyKXCHt4A4cw,Saturday,540,1260
443,U7KGTH26f4uyKXCHt4A4cw,Thursday,540,1260
444,U7KGTH26f4uyKXCHt4A4cw,Monday,540,1260
445,U7KGTH26f4uyKXCHt4A4cw,Tuesday,540,1260
446,U7KGTH26f4uyKXCHt4A4cw,Wednesday,540,1260
447,U7KGTH26f4uyKXCHt4A4cw,Friday,540,1260
448,U7KGTH26f4uyKXCHt4A4cw,Sunday,540,1200
449,VVxzmzGoRbjVV7P5bQcLfg,Saturday,600,1140
450,VVxzmzGoRbjVV7P5bQcLfg,Thursday,600,1200
451,VVxzmzGoRbjVV7P5bQcLfg,Monday,600,1200
452,VVxzmzGoRbjVV7P5bQcLfg,Tuesday,600,1200
453,VVxzmzGoRbjVV7P5bQcLfg,Wednesday,600,1200
454,VVxzmzGoRbjVV7P5bQcLfg,Friday,600,1200
455,VVxzmzGoRbjVV7P5bQcLfg,Sunday,660,1080
456,gocKJln2Icy2IyCunB1eOA,Saturday,600,60
457,gocKJln2Icy2IyCunB1eOA,Thursday,600,1260
458,gocKJln2Icy2IyCunB1eOA,Monday,600,1260
459,gocKJln2Icy2IyCunB1eOA,Tuesday,600,1260
460,gocKJln2Icy2IyCunB1eOA,Wednesday,600,1260
461,gocKJln2Icy2IyCunB1eOA,Friday,600,60
462,gocKJln2Icy2IyCunB1eOA,Sunday,720,1080
463,2kZiyGqzB5Lnc0cZgHCOfw,Saturday,480,900
464,2kZiyGqzB5Lnc0cZgHCOfw,Thursday,360,1200
465,2kZiyGqzB5Lnc0cZgHCOfw,Monday,330,1200
466,2kZiyGqzB5Lnc0cZgHCOfw,Tuesday,360,1200
467,2kZiyGqzB5Lnc0cZgHCOfw,Wednesday,330,1110
468,2kZiyGqzB5Lnc0cZgHCOfw,Friday,330,1110
469,2kZiyGqzB5Lnc0cZgHCOfw,Sunday,510,840
470,Zk584MLn3STVm1ZXpABSmA,Saturday,600,1320
471,Zk584MLn3STVm1ZXpABSmA,Thursday,600,1320
472,Zk584MLn3STVm1ZXpABSmA,Monday,600,1320
473,Zk584MLn3STVm1ZXpABSmA,Tuesday,600,1320
474,Zk584MLn3STVm1ZXpABSmA,Wednesday,600,1320
475,Zk584MLn3STVm1ZXpABSmA,Friday,600,1320
476,Zk584MLn3STVm1ZXpABSmA,Sunday,600,1320
477,tA2DT7CGQPzgA6tTcTkXDw,Saturday,1020,120
478,tA2DT7CGQPzgA6tTcTkXDw,Thursday,1020,120
479,tA2DT7CGQPzgA6tTcTkXDw,Monday,540,840
480,tA2DT7CGQPzgA6tTcTkXDw,Tuesday,1020,120
481,tA2DT7CGQPzgA6tTcTkXDw,Wednesday,1020,120
482,tA2DT7CGQPzgA6tTcTkXDw,Friday,1020,120
483,tA2DT7CGQPzgA6tTcTkXDw,Sunday,1020,120
484,E_8a66uqjHXsvb4tdGnkXA,Saturday,0,0
485,E_8a66uqjHXsvb4tdGnkXA,Thursday,0,0
486,E_8a66uqjHXsvb4tdGnkXA,Monday,0,0
487,E_8a66uqjHXsvb4tdGnkXA,Tuesday,0,0
488,E_8a66uqjHXsvb4tdGnkXA,Wednesday,0,0
489,E_8a66uqjHXsvb4tdGnkXA,Friday,0,0
490,E_8a66uqjHXsvb4tdGnkXA,Sunday,0,0
491,H0E9GjZqhEuWAIF1orTZ4A,Thursday,540,1020
492,H0E9GjZqhEuWAIF1orTZ4A,Monday,540,1020
493,H0E9GjZqhEuWAIF1orTZ4A,Tuesday,540,1020
494,H0E9GjZqhEuWAIF1orTZ4A,Wednesday,540,1020
495,H0E9GjZqhEuWAIF1orTZ4A,Friday,540,1020
496,xun1GBrZzChBLHY6NrsnMg,Saturday,480,1020
497,xun1GBrZzChBLHY6NrsnMg,Thursday,480,1080
498,xun1GBrZzChBLHY6NrsnMg,Monday,480,1080
499,xun1GBrZzChBLHY6NrsnMg,Tuesday,480,1080
500,xun1GBrZzChBLHY6NrsnMg,Wednesday,480,1080
501,xun1GBrZzChBLHY6NrsnMg,Friday,480,1080
502,yMUVflS-2SnOGafXmdHy6w,Saturday,600,1260
503,yMUVflS-2SnOGafXmdHy6w,Thursday,600,1260
504,yMUVflS-2SnOGafXmdHy6w,Monday,600,1260
505,yMUVflS-2SnOGafXmdHy6w,Tuesday,600,1260
506,yMUVflS-2SnOGafXmdHy6w,Wednesday,600,1260
507,yMUVflS-2SnOGafXmdHy6w,Friday,600,1260
508,yMUVflS-2SnOGafXmdHy6w,Sunday,600,1260
509,cIPzndsbagQGj9U1sLqLtA,Saturday,540,1020
510,cIPzndsbagQGj9U1sLqLtA,Thursday,420,1020
511,cIPzndsbagQGj9U1sLqLtA,Monday,420,1020
512,cIPzndsbagQGj9U1sLqLtA,Tuesday,420,1020
513,cIPzndsbagQGj9U1sLqLtA,Wednesday,420,1020
514,cIPzndsbagQGj9U1sLqLtA,Friday,420,1020
515,LzreyGNkVTYw4JFuSxWstA,Saturday,540,1260
516,LzreyGNkVTYw4JFuSxWstA,Thursday,540,1260
517,LzreyGNkVTYw4JFuSxWstA,Monday,540,1260
518,LzreyGNkVTYw4JFuSxWstA,Tuesday,540,1260
519,LzreyGNkVTYw4JFuSxWstA,Wednesday,540,1260
520,LzreyGNkVTYw4JFuSxWstA,Friday,540,1260
521,LzreyGNkVTYw4JFuSxWstA,Sunday,600,1260
522,m2N5lcfXv5I2TVcXcMTtOw,Saturday,360,1320
523,m2N5lcfXv5I2TVcXcMTtOw,Thursday,360,1320
524,m2N5lcfXv5I2TVcXcMTtOw,Monday,360,1320
525,m2N5lcfXv5I2TVcXcMTtOw,Tuesday,360,1320
526,m2N5lcfXv5I2TVcXcMTtOw,Wednesday,360,1320
527,m2N5lcfXv5I2TVcXcMTtOw,Friday,360,1320
528,m2N5lcfXv5I2TVcXcMTtOw,Sunday,360,1320
529,2e1jzfiHFGCRpV66gYNVbA,Saturday,420,1320
530,2e1jzfiHFGCRpV66gYNVbA,Thursday,420,1320
531,2e1jzfiHFGCRpV66gYNVbA,Monday,420,1320
532,2e1jzfiHFGCRpV66gYNVbA,Tuesday,420,1320
533,2e1jzfiHFGCRpV66gYNVbA,Wednesday,420,1320
534,2e1jzfiHFGCRpV66gYNVbA,Friday,420,1320
535,2e1jzfiHFGCRpV66gYNVbA,Sunday,420,1320
536,L9UYbtAUOcfTgZFimehlXw,Saturday,420,1320
537,L9UYbtAUOcfTgZFimehlXw,Thursday,420,1260
538,L9UYbtAUOcfTgZFimehlXw,Monday,420,1260
539,L9UYbtAUOcfTgZFimehlXw,Tuesday,420,1260
540,L9UYbtAUOcfTgZFimehlXw,Wednesday,420,1260
541,L9UYbtAUOcfTgZFimehlXw,Friday,420,1320
542,L9UYbtAUOcfTgZFimehlXw,Sunday,420,1260
543,WEUgyNNslbwhqYgku8Gt3Q,Saturday,660,1320
544,WEUgyNNslbwhqYgku8Gt3Q,Thursday,660,1320
545,WEUgyNNslbwhqYgku8Gt3Q,Monday,660,1320
546,WEUgyNNslbwhqYgku8Gt3Q,Tuesday,660,1320
547,WEUgyNNslbwhqYgku8Gt3Q,Wednesday,660,1320
548,WEUgyNNslbwhqYgku8Gt3Q,Friday,660,1320
549,WEUgyNNslbwhqYgku8Gt3Q,Sunday,660,1260
550,5wefpQ4OhJ4srP6j1vLTWw,Saturday,600,1200
551,5wefpQ4OhJ4srP6j1vLTWw,Thursday,480,1320
552,5wefpQ4OhJ4srP6j1vLTWw,Monday,480,1320
553,5wefpQ4OhJ4srP6j1vLTWw,Tuesday,480,1320
554,5wefpQ4OhJ4srP6j1vLTWw,Wednesday,480,1320
555,5wefpQ4OhJ4srP6j1vLTWw,Friday,480,1320
556,5wefpQ4OhJ4srP6j1vLTWw,Sunday,600,1200
557,Sodko0hlMg7F5doNJGKcWQ,Saturday,660,1350
558,Sodko0hlMg7F5doNJGKcWQ,Thursday,660,1290
559,Sodko0hlMg7F5doNJGKcWQ,Monday,660,1290
560,Sodko0hlMg7F5doNJGKcWQ,Tuesday,660,1290
561,Sodko0hlMg7F5doNJGKcWQ,Wednesday,660,1290
562,Sodko0hlMg7F5doNJGKcWQ,Friday,660,1350
563,Sodko0hlMg7F5doNJGKcWQ,Sunday,660,1290
564,bKRpIJvOxh65a-koMa1V7w,Saturday,600,1260
565,bKRpIJvOxh65a-koMa1V7w,Thursday,600,1260
566,bKRpIJvOxh65a-koMa1V7w,Monday,600,1260
567,bKRpIJvOxh65a-koMa1V7w,Tuesday,600,1260
568,bKRpIJvOxh65a-koMa1V7w,Wednesday,600,1260
569,bKRpIJvOxh65a-koMa1V7w,Friday,600,1260
570,bKRpIJvOxh65a-koMa1V7w,Sunday,660,1080
571,3DIG0gD6rL7AmukW3cdeKg,Saturday,450,1050
572,3DIG0gD6rL7AmukW3cdeKg,Thursday,450,1050
573,3DIG0gD6rL7AmukW3cdeKg,Monday,450,1050
574,3DIG0gD6rL7AmukW3cdeKg,Tuesday,450,1050
575,3DIG0gD6rL7AmukW3cdeKg,Wednesday,450,1050
576,3DIG0gD6rL7AmukW3cdeKg,Friday,450,1050
577,1U__JyhW9eiZ2z4djki1WA,Saturday,540,1020
578,1U__JyhW9eiZ2z4djki1WA,Thursday,480,1080
579,1U__JyhW9eiZ2z4djki1WA,Monday,480,1080
580,1U__JyhW9eiZ2z4djki1WA,Tuesday,480,1080
581,1U__JyhW9eiZ2z4djki1WA,Wednesday,480,1080
582,1U__JyhW9eiZ2z4djki1WA,Friday,480,1080
583,UtUXhKh7vOVvWJF48IzJvQ,Saturday,660,1380
584,UtUXhKh7vOVvWJF48IzJvQ,Thursday,660,1320
585,UtUXhKh7vOVvWJF48IzJvQ,Monday,660,1320
586,UtUXhKh7vOVvWJF48IzJvQ,Tuesday,660,1320
587,UtUXhKh7vOVvWJF48IzJvQ,Wednesday,660,1320
588,UtUXhKh7vOVvWJF48IzJvQ,Friday,660,1380
589,UtUXhKh7vOVvWJF48IzJvQ,Sunday,660,1320
590,NJTIb6bro3gmfo7Gp6rDLg,Saturday,600,1380
591,NJTIb6bro3gmfo7Gp6rDLg,Thursday,600,1260
592,NJTIb6bro3gmfo7Gp6rDLg,Monday,600,1260
593,NJTIb6bro3gmfo7Gp6rDLg,Tuesday,600,1260
594,NJTIb6bro3gmfo7Gp6rDLg,Wednesday,600,1260
595,NJTIb6bro3gmfo7Gp6rDLg,Friday,600,1380
596,NJTIb6bro3gmfo7Gp6rDLg,Sunday,600,1260
597,N8xl5Wroth6Z-JZlJHQwPw,Saturday,720,0
598,N8xl5Wroth6Z-JZlJHQwPw,Thursday,540,960
599,N8xl5Wroth6Z-JZlJHQwPw,Monday,540,960
600,N8xl5Wroth6Z-JZlJHQwPw,Tuesday,540,960
601,N8xl5Wroth6Z-JZlJHQwPw,Wednesday,540,960
602,N8xl5Wroth6Z-JZlJHQwPw,Friday,720,0
603,N8xl5Wroth6Z-JZlJHQwPw,Sunday,720,0
604,u3HMalNH-xBgZUXjnH3O6Q,Saturday,600,1080
605,u3HMalNH-xBgZUXjnH3O6Q,Thursday,600,1140
606,u3HMalNH-xBgZUXjnH3O6Q,Monday,600,1140
607,u3HMalNH-xBgZUXjnH3O6Q,Tuesday,600,1140
608,u3HMalNH-xBgZUXjnH3O6Q,Wednesday,600,1140
609,u3HMalNH-xBgZUXjnH3O6Q,Friday,600,1140
610,u3HMalNH-xBgZUXjnH3O6Q,Sunday,660,1020
611,5ELF1BKGUhYbDd51WM4JGA,Saturday,420,1320
612,5ELF1BKGUhYbDd51WM4JGA,Thursday,420,1320
613,5ELF1BKGUhYbDd51WM4JGA,Monday,420,1320
614,5ELF1BKGUhYbDd51WM4JGA,Tuesday,420,1320
615,5ELF1BKGUhYbDd51WM4JGA,Wednesday,420,1320
616,5ELF1BKGUhYbDd51WM4JGA,Friday,420,1320
617,5ELF1BKGUhYbDd51WM4JGA,Sunday,420,1260
618,WHd8fLeMeWKUK6sPyeB-UA,Saturday,660,1380
619,WHd8fLeMeWKUK6sPyeB-UA,Thursday,660,1320
620,WHd8fLeMeWKUK6sPyeB-UA,Monday,660,1320
621,WHd8fLeMeWKUK6sPyeB-UA,Tuesday,660,1320
622,WHd8fLeMeWKUK6sPyeB-UA,Wednesday,660,1320
623,WHd8fLeMeWKUK6sPyeB-UA,Friday,660,1380
624,WHd8fLeMeWKUK6sPyeB-UA,Sunday,660,1320
625,WUZxVr_CaRqEQgzvyeK5tw,Saturday,600,1260
626,WUZxVr_CaRqEQgzvyeK5tw,Thursday,600,1260
627,WUZxVr_CaRqEQgzvyeK5tw,Monday,600,1260
628,WUZxVr_CaRqEQgzvyeK5tw,Tuesday,600,1260
629,WUZxVr_CaRqEQgzvyeK5tw,Wednesday,600,1260
630,WUZxVr_CaRqEQgzvyeK5tw,Friday,600,1260
631,WUZxVr_CaRqEQgzvyeK5tw,Sunday,600,1140
632,-E6XYf1ce1NCtV3QQI-3xA,Saturday,660,1380
633,-E6XYf1ce1NCtV3QQI-3xA,Thursday,660,1320
634,-E6XYf1ce1NCtV3QQI-3xA,Monday,660,1320
635,-E6XYf1ce1NCtV3QQI-3xA,Tuesday,660,1320
636,-E6XYf1ce1NCtV3QQI-3xA,Wednesday,660,1320
637,-E6XYf1ce1NCtV3QQI-3xA,Friday,660,1380
638,-E6XYf1ce1NCtV3QQI-3xA,Sunday,660,1320
639,XEdBJi1WZzvatmkxFEIlOw,Saturday,540,1260
640,XEdBJi1WZzvatmkxFEIlOw,Thursday,540,1260
641,XEdBJi1WZzvatmkxFEIlOw,Monday,540,1260
642,XEdBJi1WZzvatmkxFEIlOw,Tuesday,540,1260
643,XEdBJi1WZzvatmkxFEIlOw,Wednesday,540,1260
644,XEdBJi1WZzvatmkxFEIlOw,Friday,540,1260
645,XEdBJi1WZzvatmkxFEIlOw,Sunday,600,1080
646,mkvWFODsaXHe5MXAyDnRWw,Saturday,540,1260
647,mkvWFODsaXHe5MXAyDnRWw,Thursday,660,1260
648,mkvWFODsaXHe5MXAyDnRWw,Monday,660,1260
649,mkvWFODsaXHe5MXAyDnRWw,Tuesday,660,1260
650,mkvWFODsaXHe5MXAyDnRWw,Wednesday,660,1260
651,mkvWFODsaXHe5MXAyDnRWw,Friday,660,1260
652,mkvWFODsaXHe5MXAyDnRWw,Sunday,540,1260
653,rlrSUtmUnM84AVb616Qy6Q,Saturday,480,1050
654,rlrSUtmUnM84AVb616Qy6Q,Thursday,480,1050
655,rlrSUtmUnM84AVb616Qy6Q,Monday,480,1050
656,rlrSUtmUnM84AVb616Qy6Q,Tuesday,480,1050
657,rlrSUtmUnM84AVb616Qy6Q,Wednesday,480,1050
658,rlrSUtmUnM84AVb616Qy6Q,Friday,480,1050
659,rlrSUtmUnM84AVb616Qy6Q,Sunday,540,1020
660,LorMcT1SQi_jS361mSKKzA,Saturday,480,660
661,LorMcT1SQi_jS361mSKKzA,Thursday,600,1170
662,LorMcT1SQi_jS361mSKKzA,Monday,360,1170
663,LorMcT1SQi_jS361mSKKzA,Tuesday,600,1170
664,LorMcT1SQi_jS361mSKKzA,Wednesday,360,1170
665,LorMcT1SQi_jS361mSKKzA,Friday,360,1110
666,F5-k-QxSGuK3oGNMknFFDw,Saturday,360,1260
667,F5-k-QxSGuK3oGNMknFFDw,Thursday,360,1260
668,F5-k-QxSGuK3oGNMknFFDw,Monday,360,1260
669,F5-k-QxSGuK3oGNMknFFDw,Tuesday,360,1260
670,F5-k-QxSGuK3oGNMknFFDw,Wednesday,360,1260
671,F5-k-QxSGuK3oGNMknFFDw,Friday,360,1260
672,F5-k-QxSGuK3oGNMknFFDw,Sunday,480,1200
673,pz-jypT4fEPQKr9RZtVdAw,Saturday,660,180
674,pz-jypT4fEPQKr9RZtVdAw,Thursday,660,180
675,pz-jypT4fEPQKr9RZtVdAw,Monday,660,1200
676,pz-jypT4fEPQKr9RZtVdAw,Tuesday,660,1200
677,pz-jypT4fEPQKr9RZtVdAw,Wednesday,660,1200
678,pz-jypT4fEPQKr9RZtVdAw,Friday,660,180
679,-NGrzJp0dX5pK3qdGSaspw,Saturday,600,1020
680,-NGrzJp0dX5pK3qdGSaspw,Thursday,600,1140
681,-NGrzJp0dX5pK3qdGSaspw,Monday,600,1140
682,-NGrzJp0dX5pK3qdGSaspw,Tuesday,600,1140
683,-NGrzJp0dX5pK3qdGSaspw,Wednesday,600,1140
684,-NGrzJp0dX5pK3qdGSaspw,Friday,600,1140
685,-NGrzJp0dX5pK3qdGSaspw,Sunday,600,1020
686,aACW1qAdOfgcU8yX61dOFw,Saturday,660,1380
687,aACW1qAdOfgcU8yX61dOFw,Thursday,660,1320
688,aACW1qAdOfgcU8yX61dOFw,Monday,660,1320
689,aACW1qAdOfgcU8yX61dOFw,Tuesday,660,1320
690,aACW1qAdOfgcU8yX61dOFw,Wednesday,660,1320
691,aACW1qAdOfgcU8yX61dOFw,Friday,660,1380
692,aACW1qAdOfgcU8yX61dOFw,Sunday,660,1320
693,rPp509oz4oFEdncoo7v_HA,Saturday,660,1320
694,rPp509oz4oFEdncoo7v_HA,Thursday,660,1260
695,rPp509oz4oFEdncoo7v_HA,Monday,660,1260
696,rPp509oz4oFEdncoo7v_HA,Tuesday,660,1260
697,rPp509oz4oFEdncoo7v_HA,Wednesday,660,1260
698,rPp509oz4oFEdncoo7v_HA,Friday,660,1320
699,rPp509oz4oFEdncoo7v_HA,Sunday,660,1260
700,kP_NxoI4DyQ1y60i5xsTCQ,Saturday,360,1380
701,kP_NxoI4DyQ1y60i5xsTCQ,Thursday,360,1380
702,kP_NxoI4DyQ1y60i5xsTCQ,Monday,360,1380
703,kP_NxoI4DyQ1y60i5xsTCQ,Tuesday,360,1380
704,kP_NxoI4DyQ1y60i5xsTCQ,Wednesday,360,1380
705,kP_NxoI4DyQ1y60i5xsTCQ,Friday,360,1380
706,kP_NxoI4DyQ1y60i5xsTCQ,Sunday,360,1380
707,xbZo8aMOOobPRzHKqmA88g,Saturday,630,1380
708,xbZo8aMOOobPRzHKqmA88g,Thursday,630,1320
709,xbZo8aMOOobPRzHKqmA88g,Monday,630,1320
710,xbZo8aMOOobPRzHKqmA88g,Tuesday,630,1320
711,xbZo8aMOOobPRzHKqmA88g,Wednesday,630,1320
712,xbZo8aMOOobPRzHKqmA88g,Friday,630,1380
713,xbZo8aMOOobPRzHKqmA88g,Sunday,630,1320
714,SGGZ6l345YTww09IHxtoew,Saturday,660,1200
715,SGGZ6l345YTww09IHxtoew,Thursday,660,1200
716,SGGZ6l345YTww09IHxtoew,Monday,660,1200
717,SGGZ6l345YTww09IHxtoew,Tuesday,660,1200
718,SGGZ6l345YTww09IHxtoew,Wednesday,660,1200
719,SGGZ6l345YTww09IHxtoew,Friday,660,1200
720,SGGZ6l345YTww09IHxtoew,Sunday,720,1020
721,lSlfbGPYtQ8bARSEiN9cYw,Saturday,480,0
722,lSlfbGPYtQ8bARSEiN9cYw,Thursday,480,0
723,lSlfbGPYtQ8bARSEiN9cYw,Monday,480,0
724,lSlfbGPYtQ8bARSEiN9cYw,Tuesday,480,0
725,lSlfbGPYtQ8bARSEiN9cYw,Wednesday,480,0
726,lSlfbGPYtQ8bARSEiN9cYw,Friday,480,0
727,lSlfbGPYtQ8bARSEiN9cYw,Sunday,480,0
728,a-U3SLb6j_M3AYzMAKwK_g,Saturday,360,360
729,a-U3SLb6j_M3AYzMAKwK_g,Thursday,360,360
730,a-U3SLb6j_M3AYzMAKwK_g,Monday,360,360
731,a-U3SLb6j_M3AYzMAKwK_g,Tuesday,360,360
732,a-U3SLb6j_M3AYzMAKwK_g,Wednesday,360,360
733,a-U3SLb6j_M3AYzMAKwK_g,Friday,360,360
734,a-U3SLb6j_M3AYzMAKwK_g,Sunday,360,360
735,N4KDipEdv7lCYYtFv-oKyg,Saturday,540,1080
736,N4KDipEdv7lCYYtFv-oKyg,Thursday,480,1260
737,N4KDipEdv7lCYYtFv-oKyg,Monday,480,1260
738,N4KDipEdv7lCYYtFv-oKyg,Tuesday,480,1260
739,N4KDipEdv7lCYYtFv-oKyg,Wednesday,480,1260
740,N4KDipEdv7lCYYtFv-oKyg,Friday,480,1260
741,N4KDipEdv7lCYYtFv-oKyg,Sunday,540,1080
742,vWoCMo8hrglD_ChW8z3brg,Saturday,420,1080
743,vWoCMo8hrglD_ChW8z3brg,Thursday,420,1080
744,vWoCMo8hrglD_ChW8z3brg,Monday,420,1080
745,vWoCMo8hrglD_ChW8z3brg,Tuesday,420,1080
746,vWoCMo8hrglD_ChW8z3brg,Wednesday,420,1080
747,vWoCMo8hrglD_ChW8z3brg,Friday,420,1080
748,joxWCp6dgN-kTE9GMziwjA,Saturday,720,1320
749,joxWCp6dgN-kTE9GMziwjA,Thursday,660,900
750,joxWCp6dgN-kTE9GMziwjA,Monday,660,900
751,joxWCp6dgN-kTE9GMziwjA,Tuesday,990,1260
752,joxWCp6dgN-kTE9GMziwjA,Wednesday,990,1260
753,joxWCp6dgN-kTE9GMziwjA,Friday,990,1290
754,joxWCp6dgN-kTE9GMziwjA,Sunday,990,1260
755,-Nd5eId2iqnFvAMNgRBgpA,Saturday,660,1380
756,-Nd5eId2iqnFvAMNgRBgpA,Thursday,660,1320
757,-Nd5eId2iqnFvAMNgRBgpA,Monday,660,1260
758,-Nd5eId2iqnFvAMNgRBgpA,Tuesday,660,1260
759,-Nd5eId2iqnFvAMNgRBgpA,Wednesday,660,1320
760,-Nd5eId2iqnFvAMNgRBgpA,Friday,660,1380
761,-Nd5eId2iqnFvAMNgRBgpA,Sunday,660,1320
762,HLbtxdO4NjwrByexahGKbA,Saturday,600,1320
763,HLbtxdO4NjwrByexahGKbA,Thursday,600,1320
764,HLbtxdO4NjwrByexahGKbA,Monday,600,1320
765,HLbtxdO4NjwrByexahGKbA,Tuesday,600,1320
766,HLbtxdO4NjwrByexahGKbA,Wednesday,600,1320
767,HLbtxdO4NjwrByexahGKbA,Friday,600,1320
768,HLbtxdO4NjwrByexahGKbA,Sunday,600,1320
769,bfDQai9X59uWK-XgP0t6rA,Saturday,660,120
770,bfDQai9X59uWK-XgP0t6rA,Thursday,660,120
771,bfDQai9X59uWK-XgP0t6rA,Monday,660,120
772,bfDQai9X59uWK-XgP0t6rA,Tuesday,660,120
773,bfDQai9X59uWK-XgP0t6rA,Wednesday,660,120
774,bfDQai9X59uWK-XgP0t6rA,Friday,660,120
775,bfDQai9X59uWK-XgP0t6rA,Sunday,660,120
776,qAORECtABjr_FsvSzy1apw,Saturday,600,1320
777,qAORECtABjr_FsvSzy1apw,Thursday,600,1320
778,qAORECtABjr_FsvSzy1apw,Monday,600,1320
779,qAORECtABjr_FsvSzy1apw,Tuesday,600,1320
780,qAORECtABjr_FsvSzy1apw,Wednesday,600,1320
781,qAORECtABjr_FsvSzy1apw,Friday,600,1320
782,qAORECtABjr_FsvSzy1apw,Sunday,600,1320
783,ctrgV3Yn-DGWhF9_DCukaA,Saturday,480,1200
784,ctrgV3Yn-DGWhF9_DCukaA,Thursday,480,1200
785,ctrgV3Yn-DGWhF9_DCukaA,Monday,480,1200
786,ctrgV3Yn-DGWhF9_DCukaA,Tuesday,480,1200
787,ctrgV3Yn-DGWhF9_DCukaA,Wednesday,480,1200
788,ctrgV3Yn-DGWhF9_DCukaA,Friday,480,1200
789,ctrgV3Yn-DGWhF9_DCukaA,Sunday,480,1200
790,tVeQQiToNbFm7kwuBEZPNg,Saturday,540,1140
791,tVeQQiToNbFm7kwuBEZPNg,Thursday,540,1140
792,tVeQQiToNbFm7kwuBEZPNg,Monday,540,1140
793,tVeQQiToNbFm7kwuBEZPNg,Tuesday,540,1140
794,tVeQQiToNbFm7kwuBEZPNg,Wednesday,540,1140
795,tVeQQiToNbFm7kwuBEZPNg,Friday,540,1140
796,tVeQQiToNbFm7kwuBEZPNg,Sunday,600,1020
797,BlmBPGYjOoFL25CXCin75g,Saturday,420,1140
798,BlmBPGYjOoFL25CXCin75g,Thursday,420,1140
799,BlmBPGYjOoFL25CXCin75g,Monday,420,1140
800,BlmBPGYjOoFL25CXCin75g,Tuesday,420,1140
801,BlmBPGYjOoFL25CXCin75g,Wednesday,420,1140
802,BlmBPGYjOoFL25CXCin75g,Friday,420,1200
803,AmzGu4DeUy69_XLbcQqQug,Saturday,660,0
804,AmzGu4DeUy69_XLbcQqQug,Thursday,660,1320
805,AmzGu4DeUy69_XLbcQqQug,Monday,660,1320
806,AmzGu4DeUy69_XLbcQqQug,Tuesday,660,1320
807,AmzGu4DeUy69_XLbcQqQug,Wednesday,660,1320
808,AmzGu4DeUy69_XLbcQqQug,Friday,660,0
809,AmzGu4DeUy69_XLbcQqQug,Sunday,660,1380
810,S8vszZv8Ohw_EYV85IpDZw,Saturday,600,1080
811,S8vszZv8Ohw_EYV85IpDZw,Thursday,600,1260
812,S8vszZv8Ohw_EYV85IpDZw,Monday,600,1260
813,S8vszZv8Ohw_EYV85IpDZw,Tuesday,600,1260
814,S8vszZv8Ohw_EYV85IpDZw,Wednesday,600,1260
815,S8vszZv8Ohw_EYV85IpDZw,Friday,600,1260
816,S8vszZv8Ohw_EYV85IpDZw,Sunday,720,1020
817,3P0HA0T93pGTOCqB0OqxUg,Saturday,600,1020
818,3P0HA0T93pGTOCqB0OqxUg,Thursday,570,1050
819,3P0HA0T93pGTOCqB0OqxUg,Monday,570,1050
820,3P0HA0T93pGTOCqB0OqxUg,Tuesday,570,1050
821,3P0HA0T93pGTOCqB0OqxUg,Wednesday,570,1050
822,3P0HA0T93pGTOCqB0OqxUg,Friday,570,1050
823,3P0HA0T93pGTOCqB0OqxUg,Sunday,600,990
824,vBRJWnMaAqUyZ1CbwnJXLQ,Thursday,510,1050
825,vBRJWnMaAqUyZ1CbwnJXLQ,Monday,510,1050
826,vBRJWnMaAqUyZ1CbwnJXLQ,Tuesday,510,1050
827,vBRJWnMaAqUyZ1CbwnJXLQ,Wednesday,510,1050
828,vBRJWnMaAqUyZ1CbwnJXLQ,Friday,510,1050
829,M0UqoJlAUzKx6dW2CT8d8w,Saturday,660,120
830,M0UqoJlAUzKx6dW2CT8d8w,Thursday,660,1380
831,M0UqoJlAUzKx6dW2CT8d8w,Tuesday,660,1380
832,M0UqoJlAUzKx6dW2CT8d8w,Wednesday,660,1380
833,M0UqoJlAUzKx6dW2CT8d8w,Friday,660,120
834,M0UqoJlAUzKx6dW2CT8d8w,Sunday,1020,1380
835,R2FuwuSjmyvzNWNfqzKUvw,Saturday,660,1320
836,R2FuwuSjmyvzNWNfqzKUvw,Thursday,660,1260
837,R2FuwuSjmyvzNWNfqzKUvw,Monday,660,1260
838,R2FuwuSjmyvzNWNfqzKUvw,Tuesday,660,1260
839,R2FuwuSjmyvzNWNfqzKUvw,Wednesday,660,1260
840,R2FuwuSjmyvzNWNfqzKUvw,Friday,660,1320
841,R2FuwuSjmyvzNWNfqzKUvw,Sunday,660,1260
842,x-QxnXWvV9m8FNAeIsnoFw,Saturday,600,1260
843,x-QxnXWvV9m8FNAeIsnoFw,Thursday,600,1260
844,x-QxnXWvV9m8FNAeIsnoFw,Monday,600,1260
845,x-QxnXWvV9m8FNAeIsnoFw,Tuesday,600,1260
846,x-QxnXWvV9m8FNAeIsnoFw,Wednesday,600,1260
847,x-QxnXWvV9m8FNAeIsnoFw,Friday,600,1260
848,x-QxnXWvV9m8FNAeIsnoFw,Sunday,600,1140
849,l3vLiDNAvtAHIc2AqZXvdA,Saturday,540,1200
850,l3vLiDNAvtAHIc2AqZXvdA,Thursday,540,1200
851,l3vLiDNAvtAHIc2AqZXvdA,Monday,540,1200
852,l3vLiDNAvtAHIc2AqZXvdA,Tuesday,540,1200
853,l3vLiDNAvtAHIc2AqZXvdA,Wednesday,540,1200
854,l3vLiDNAvtAHIc2AqZXvdA,Friday,540,1200
855,l3vLiDNAvtAHIc2AqZXvdA,Sunday,660,1110
856,CVBYF1AMlrZbScRXX8d6XQ,Saturday,660,1320
857,CVBYF1AMlrZbScRXX8d6XQ,Thursday,660,1260
858,CVBYF1AMlrZbScRXX8d6XQ,Monday,660,1260
859,CVBYF1AMlrZbScRXX8d6XQ,Tuesday,660,1260
860,CVBYF1AMlrZbScRXX8d6XQ,Wednesday,660,1260
861,CVBYF1AMlrZbScRXX8d6XQ,Friday,660,1320
862,CVBYF1AMlrZbScRXX8d6XQ,Sunday,660,1260
863,7lp13T_FUmX1XjU2wen_qw,Thursday,1020,1320
864,7lp13T_FUmX1XjU2wen_qw,Saturday,1020,1320
865,7lp13T_FUmX1XjU2wen_qw,Tuesday,1020,1320
866,7lp13T_FUmX1XjU2wen_qw,Wednesday,1020,1320
867,7lp13T_FUmX1XjU2wen_qw,Friday,1020,1320
868,GlaQICDLKSdTyKMZt9sN1Q,Saturday,660,1200
869,GlaQICDLKSdTyKMZt9sN1Q,Thursday,660,1200
870,GlaQICDLKSdTyKMZt9sN1Q,Monday,660,1200
871,GlaQICDLKSdTyKMZt9sN1Q,Tuesday,660,1200
872,GlaQICDLKSdTyKMZt9sN1Q,Wednesday,660,1200
873,GlaQICDLKSdTyKMZt9sN1Q,Friday,660,1200
874,EVd903xbs5hk59zGVi6dVA,Thursday,480,960
875,EVd903xbs5hk59zGVi6dVA,Monday,480,960
876,EVd903xbs5hk59zGVi6dVA,Tuesday,480,960
877,EVd903xbs5hk59zGVi6dVA,Wednesday,480,960
878,EVd903xbs5hk59zGVi6dVA,Friday,480,960
879,shlAd7PLzWlQrkQ0uYcBBg,Saturday,690,1290
880,shlAd7PLzWlQrkQ0uYcBBg,Thursday,660,1260
881,shlAd7PLzWlQrkQ0uYcBBg,Monday,660,1260
882,shlAd7PLzWlQrkQ0uYcBBg,Tuesday,660,1260
883,shlAd7PLzWlQrkQ0uYcBBg,Wednesday,660,1260
884,shlAd7PLzWlQrkQ0uYcBBg,Friday,660,1290
885,shlAd7PLzWlQrkQ0uYcBBg,Sunday,690,1260
886,XxfWQ0e_EdkxYyVN7osIlQ,Saturday,600,1200
887,XxfWQ0e_EdkxYyVN7osIlQ,Thursday,600,1200
888,XxfWQ0e_EdkxYyVN7osIlQ,Monday,600,1200
889,XxfWQ0e_EdkxYyVN7osIlQ,Tuesday,600,1200
890,XxfWQ0e_EdkxYyVN7osIlQ,Wednesday,600,1200
891,XxfWQ0e_EdkxYyVN7osIlQ,Friday,600,1200
892,XxfWQ0e_EdkxYyVN7osIlQ,Sunday,600,1140
893,ufx4U76IsSbA06tfnHP5XQ,Saturday,630,1260
894,ufx4U76IsSbA06tfnHP5XQ,Thursday,630,1260
895,ufx4U76IsSbA06tfnHP5XQ,Monday,630,1260
896,ufx4U76IsSbA06tfnHP5XQ,Tuesday,630,1260
897,ufx4U76IsSbA06tfnHP5XQ,Wednesday,630,1260
898,ufx4U76IsSbA06tfnHP5XQ,Friday,630,1260
899,ufx4U76IsSbA06tfnHP5XQ,Sunday,630,1020
900,ADJIoHN3uLx-JalYl3r3Dw,Saturday,660,0
901,ADJIoHN3uLx-JalYl3r3Dw,Thursday,660,1380
902,ADJIoHN3uLx-JalYl3r3Dw,Monday,660,1380
903,ADJIoHN3uLx-JalYl3r3Dw,Tuesday,660,1380
904,ADJIoHN3uLx-JalYl3r3Dw,Wednesday,660,1380
905,ADJIoHN3uLx-JalYl3r3Dw,Friday,660,0
906,ADJIoHN3uLx-JalYl3r3Dw,Sunday,600,1320
907,pEYl95VtjQVc1mA2b16HfQ,Thursday,540,1020
908,pEYl95VtjQVc1mA2b16HfQ,Monday,540,1020
909,pEYl95VtjQVc1mA2b16HfQ,Tuesday,540,1020
910,pEYl95VtjQVc1mA2b16HfQ,Wednesday,540,1020
911,pEYl95VtjQVc1mA2b16HfQ,Friday,540,1020
912,8XmJg-Uy9FtOqlDOaSJsZw,Saturday,570,1380
913,8XmJg-Uy9FtOqlDOaSJsZw,Thursday,570,1320
914,8XmJg-Uy9FtOqlDOaSJsZw,Monday,570,1260
915,8XmJg-Uy9FtOqlDOaSJsZw,Tuesday,570,1260
916,8XmJg-Uy9FtOqlDOaSJsZw,Wednesday,570,1260
917,8XmJg-Uy9FtOqlDOaSJsZw,Friday,570,1380
918,8XmJg-Uy9FtOqlDOaSJsZw,Sunday,600,1260
919,x737irkRUs8ABGRc2ILLAA,Saturday,630,1380
920,x737irkRUs8ABGRc2ILLAA,Thursday,630,1320
921,x737irkRUs8ABGRc2ILLAA,Monday,630,1320
922,x737irkRUs8ABGRc2ILLAA,Tuesday,630,1320
923,x737irkRUs8ABGRc2ILLAA,Wednesday,630,1320
924,x737irkRUs8ABGRc2ILLAA,Friday,630,1380
925,x737irkRUs8ABGRc2ILLAA,Sunday,660,1320
926,d2AeNB4xw67E1Bzpo1Pm7Q,Saturday,480,960
927,d2AeNB4xw67E1Bzpo1Pm7Q,Thursday,420,960
928,d2AeNB4xw67E1Bzpo1Pm7Q,Monday,420,960
929,d2AeNB4xw67E1Bzpo1Pm7Q,Tuesday,420,960
930,d2AeNB4xw67E1Bzpo1Pm7Q,Wednesday,420,960
931,d2AeNB4xw67E1Bzpo1Pm7Q,Friday,420,1020
932,8aPTQeDYOMNEu907WfflCQ,Saturday,390,870
933,8aPTQeDYOMNEu907WfflCQ,Thursday,390,870
934,8aPTQeDYOMNEu907WfflCQ,Monday,390,870
935,8aPTQeDYOMNEu907WfflCQ,Tuesday,390,870
936,8aPTQeDYOMNEu907WfflCQ,Wednesday,390,870
937,8aPTQeDYOMNEu907WfflCQ,Friday,390,870
938,8aPTQeDYOMNEu907WfflCQ,Sunday,390,870
939,MXFcSmW3m-9IXQEA_7l62g,Saturday,0,1439
940,MXFcSmW3m-9IXQEA_7l62g,Thursday,0,1439
941,MXFcSmW3m-9IXQEA_7l62g,Monday,0,1439
942,MXFcSmW3m-9IXQEA_7l62g,Tuesday,0,1439
943,MXFcSmW3m-9IXQEA_7l62g,Wednesday,0,1439
944,MXFcSmW3m-9IXQEA_7l62g,Friday,0,1439
945,MXFcSmW3m-9IXQEA_7l62g,Sunday,0,1439
946,hfl62LX14YqNpG0g0Tj6_Q,Thursday,660,1260
947,hfl62LX14YqNpG0g0Tj6_Q,Saturday,660,1260
948,hfl62LX14YqNpG0g0Tj6_Q,Tuesday,660,1260
949,hfl62LX14YqNpG0g0Tj6_Q,Wednesday,660,1260
950,hfl62LX14YqNpG0g0Tj6_Q,Friday,660,1260
951,Axp68MrCFrKW8HplKsvBHw,Saturday,450,900
952,Axp68MrCFrKW8HplKsvBHw,Thursday,420,1020
953,Axp68MrCFrKW8HplKsvBHw,Monday,420,1020
954,Axp68MrCFrKW8HplKsvBHw,Tuesday,420,1020
955,Axp68MrCFrKW8HplKsvBHw,Wednesday,420,1020
956,Axp68MrCFrKW8HplKsvBHw,Friday,420,1020
957,OTq55xUFMOz13DAi9D0_rw,Saturday,660,1320
958,OTq55xUFMOz13DAi9D0_rw,Thursday,660,1320
959,OTq55xUFMOz13DAi9D0_rw,Monday,660,1320
960,OTq55xUFMOz13DAi9D0_rw,Tuesday,660,1320
961,OTq55xUFMOz13DAi9D0_rw,Wednesday,660,1320
962,OTq55xUFMOz13DAi9D0_rw,Friday,660,1320
963,OTq55xUFMOz13DAi9D0_rw,Sunday,660,1320
964,YD0oiqWZyAi-lMw3TQ2TqA,Saturday,480,1320
965,YD0oiqWZyAi-lMw3TQ2TqA,Thursday,480,1320
966,YD0oiqWZyAi-lMw3TQ2TqA,Monday,480,1320
967,YD0oiqWZyAi-lMw3TQ2TqA,Tuesday,480,1320
968,YD0oiqWZyAi-lMw3TQ2TqA,Wednesday,480,1320
969,YD0oiqWZyAi-lMw3TQ2TqA,Friday,480,1320
970,YD0oiqWZyAi-lMw3TQ2TqA,Sunday,480,1320
971,Sak3B5hHkztmc1ayxrU8-A,Thursday,420,960
972,Sak3B5hHkztmc1ayxrU8-A,Monday,420,960
973,Sak3B5hHkztmc1ayxrU8-A,Tuesday,420,960
974,Sak3B5hHkztmc1ayxrU8-A,Wednesday,420,960
975,Sak3B5hHkztmc1ayxrU8-A,Friday,420,960
976,IOpB1FRBQh57Nr7Pg_DinQ,Saturday,540,720
977,IOpB1FRBQh57Nr7Pg_DinQ,Thursday,840,1080
978,IOpB1FRBQh57Nr7Pg_DinQ,Monday,450,1140
979,IOpB1FRBQh57Nr7Pg_DinQ,Tuesday,840,1080
980,IOpB1FRBQh57Nr7Pg_DinQ,Wednesday,450,1080
981,IOpB1FRBQh57Nr7Pg_DinQ,Friday,450,720
982,x65HKjRIzTptg_cWSHwZ7w,Thursday,450,930
983,x65HKjRIzTptg_cWSHwZ7w,Monday,450,930
984,x65HKjRIzTptg_cWSHwZ7w,Tuesday,450,930
985,x65HKjRIzTptg_cWSHwZ7w,Wednesday,450,930
986,x65HKjRIzTptg_cWSHwZ7w,Friday,450,930
987,er1Ng8wxlwaWnzFAKttukQ,Saturday,690,1290
988,er1Ng8wxlwaWnzFAKttukQ,Thursday,600,1290
989,er1Ng8wxlwaWnzFAKttukQ,Monday,600,1290
990,er1Ng8wxlwaWnzFAKttukQ,Tuesday,600,1290
991,er1Ng8wxlwaWnzFAKttukQ,Wednesday,600,1290
992,er1Ng8wxlwaWnzFAKttukQ,Friday,600,1290
993,er1Ng8wxlwaWnzFAKttukQ,Sunday,660,1290
994,tyETqrYijm3cY4noCwl9Ww,Saturday,720,1260
995,tyETqrYijm3cY4noCwl9Ww,Thursday,660,1260
996,tyETqrYijm3cY4noCwl9Ww,Monday,660,1260
997,tyETqrYijm3cY4noCwl9Ww,Tuesday,660,1260
998,tyETqrYijm3cY4noCwl9Ww,Wednesday,660,1260
999,tyETqrYijm3cY4noCwl9Ww,Friday,660,1260
