,business_id,attribute_name,attribute_value
0,O_X3PGhk3Y5JWVi866qlJg,Alcohol,full_bar
1,O_X3PGhk3Y5JWVi866qlJg,Waiter Service,true
2,O_X3PGhk3Y5JWVi866qlJg,Delivery,false
3,O_X3PGhk3Y5JWVi866qlJg,Attire,casual
4,O_X3PGhk3Y5JWVi866qlJg,Good for Kids,false
5,O_X3PGhk3Y5JWVi866qlJg,Take-out,false
6,O_X3PGhk3Y5JWVi866qlJg,Accepts Credit Cards,true
7,O_X3PGhk3Y5JWVi866qlJg,Price Range,2
8,O_X3PGhk3Y5JWVi866qlJg,Takes Reservations,true
9,O_X3PGhk3Y5JWVi866qlJg,Noise Level,average
10,O_X3PGhk3Y5JWVi866qlJg,Has TV,true
11,O_X3PGhk3Y5JWVi866qlJg,Wheelchair Accessible,true
12,O_X3PGhk3Y5JWVi866qlJg,Good For Groups,true
13,O_X3PGhk3Y5JWVi866qlJg,Outdoor Seating,true
14,O_X3PGhk3Y5JWVi866qlJg,Wi-Fi,free
15,QbrM7wqtmoNncqjc6GtFaQ,Accepts Credit Cards,true
16,QbrM7wqtmoNncqjc6GtFaQ,Price Range,2
17,7lbvsGKzhjuX3oJtaXJvOg,Accepts Credit Cards,true
18,7lbvsGKzhjuX3oJtaXJvOg,Price Range,1
19,ShUDf64NVkwCe8izdUbYuw,Alcohol,full_bar
20,ShUDf64NVkwCe8izdUbYuw,Good for Kids,true
21,-orgn4aQoie80CiWcoqkqg,Accepts Credit Cards,false
22,mQfT3JYu18HN22DVylcE7A,Alcohol,none
23,mQfT3JYu18HN22DVylcE7A,Waiter Service,false
24,mQfT3JYu18HN22DVylcE7A,Attire,casual
25,mQfT3JYu18HN22DVylcE7A,Delivery,false
26,mQfT3JYu18HN22DVylcE7A,Good for Kids,true
27,mQfT3JYu18HN22DVylcE7A,Take-out,true
28,mQfT3JYu18HN22DVylcE7A,Accepts Credit Cards,true
29,mQfT3JYu18HN22DVylcE7A,Price Range,1
30,mQfT3JYu18HN22DVylcE7A,Takes Reservations,false
31,mQfT3JYu18HN22DVylcE7A,Caters,true
32,mQfT3JYu18HN22DVylcE7A,Noise Level,average
33,mQfT3JYu18HN22DVylcE7A,Has TV,true
34,mQfT3JYu18HN22DVylcE7A,Wheelchair Accessible,true
35,mQfT3JYu18HN22DVylcE7A,Good For Groups,true
36,mQfT3JYu18HN22DVylcE7A,Outdoor Seating,true
37,mQfT3JYu18HN22DVylcE7A,Wi-Fi,no
38,cqXv3w9Mf-aVi4PPRspfFQ,Wheelchair Accessible,true
39,cqXv3w9Mf-aVi4PPRspfFQ,Accepts Credit Cards,true
40,cqXv3w9Mf-aVi4PPRspfFQ,Price Range,2
41,C2FC_hsVG4rupRESeUnrcA,Good for Kids,true
42,MiVcQsXp3TYUmeD7FSa-hA,Alcohol,none
43,MiVcQsXp3TYUmeD7FSa-hA,Waiter Service,false
44,MiVcQsXp3TYUmeD7FSa-hA,Attire,casual
45,MiVcQsXp3TYUmeD7FSa-hA,Delivery,true
46,MiVcQsXp3TYUmeD7FSa-hA,Good for Kids,true
47,MiVcQsXp3TYUmeD7FSa-hA,Take-out,true
48,MiVcQsXp3TYUmeD7FSa-hA,Accepts Credit Cards,true
49,MiVcQsXp3TYUmeD7FSa-hA,Price Range,1
50,MiVcQsXp3TYUmeD7FSa-hA,Takes Reservations,true
51,MiVcQsXp3TYUmeD7FSa-hA,Caters,true
52,MiVcQsXp3TYUmeD7FSa-hA,Noise Level,average
53,MiVcQsXp3TYUmeD7FSa-hA,Has TV,false
54,MiVcQsXp3TYUmeD7FSa-hA,Wheelchair Accessible,true
55,MiVcQsXp3TYUmeD7FSa-hA,Good For Groups,true
56,MiVcQsXp3TYUmeD7FSa-hA,Outdoor Seating,true
57,MiVcQsXp3TYUmeD7FSa-hA,Wi-Fi,free
58,2agDSZF593OlXDj7SZtVxw,By Appointment Only,true
59,2agDSZF593OlXDj7SZtVxw,Wheelchair Accessible,true
60,2agDSZF593OlXDj7SZtVxw,Accepts Credit Cards,true
61,2agDSZF593OlXDj7SZtVxw,Accepts Insurance,false
62,_IwgdSjrIMwAcQdeLNhcZQ,Coat Check,false
63,_IwgdSjrIMwAcQdeLNhcZQ,Alcohol,full_bar
64,_IwgdSjrIMwAcQdeLNhcZQ,Accepts Credit Cards,true
65,_IwgdSjrIMwAcQdeLNhcZQ,Price Range,3
66,_IwgdSjrIMwAcQdeLNhcZQ,Smoking,yes
67,_IwgdSjrIMwAcQdeLNhcZQ,Noise Level,quiet
68,_IwgdSjrIMwAcQdeLNhcZQ,Wheelchair Accessible,true
69,_IwgdSjrIMwAcQdeLNhcZQ,Has TV,true
70,_IwgdSjrIMwAcQdeLNhcZQ,Good For Groups,true
71,_IwgdSjrIMwAcQdeLNhcZQ,Outdoor Seating,true
72,_IwgdSjrIMwAcQdeLNhcZQ,Good For Dancing,true
73,ClluhYAaVzuoha89uJmr7g,Accepts Credit Cards,true
74,ClluhYAaVzuoha89uJmr7g,Price Range,4
75,ClluhYAaVzuoha89uJmr7g,Wi-Fi,no
76,tl9XIP5trlkcuSfTQqe5jg,Alcohol,none
77,tl9XIP5trlkcuSfTQqe5jg,Waiter Service,false
78,tl9XIP5trlkcuSfTQqe5jg,Delivery,false
79,tl9XIP5trlkcuSfTQqe5jg,Attire,casual
80,tl9XIP5trlkcuSfTQqe5jg,Good for Kids,true
81,tl9XIP5trlkcuSfTQqe5jg,Drive-Thru,true
82,tl9XIP5trlkcuSfTQqe5jg,Take-out,true
83,tl9XIP5trlkcuSfTQqe5jg,Accepts Credit Cards,true
84,tl9XIP5trlkcuSfTQqe5jg,Price Range,1
85,tl9XIP5trlkcuSfTQqe5jg,Takes Reservations,false
86,tl9XIP5trlkcuSfTQqe5jg,Caters,false
87,tl9XIP5trlkcuSfTQqe5jg,Noise Level,average
88,tl9XIP5trlkcuSfTQqe5jg,Has TV,true
89,tl9XIP5trlkcuSfTQqe5jg,Outdoor Seating,false
90,tl9XIP5trlkcuSfTQqe5jg,Wi-Fi,free
91,6zXaBSWYQThXT5z9IDY8lw,By Appointment Only,false
92,6zXaBSWYQThXT5z9IDY8lw,Good for Kids,true
93,6zXaBSWYQThXT5z9IDY8lw,Wheelchair Accessible,true
94,6zXaBSWYQThXT5z9IDY8lw,Accepts Credit Cards,true
95,6zXaBSWYQThXT5z9IDY8lw,Price Range,1
96,lUoiT_fR73R8eMiiIcqMLA,Accepts Credit Cards,true
97,lUoiT_fR73R8eMiiIcqMLA,Price Range,3
98,lUoiT_fR73R8eMiiIcqMLA,Wi-Fi,free
99,W0eocyGliMbg8NScqERaiA,Coat Check,false
100,W0eocyGliMbg8NScqERaiA,Alcohol,full_bar
101,W0eocyGliMbg8NScqERaiA,Waiter Service,true
102,W0eocyGliMbg8NScqERaiA,Happy Hour,true
103,W0eocyGliMbg8NScqERaiA,Attire,dressy
104,W0eocyGliMbg8NScqERaiA,Delivery,false
105,W0eocyGliMbg8NScqERaiA,Good for Kids,false
106,W0eocyGliMbg8NScqERaiA,Take-out,false
107,W0eocyGliMbg8NScqERaiA,Accepts Credit Cards,true
108,W0eocyGliMbg8NScqERaiA,Price Range,2
109,W0eocyGliMbg8NScqERaiA,Takes Reservations,true
110,W0eocyGliMbg8NScqERaiA,Smoking,outdoor
111,W0eocyGliMbg8NScqERaiA,Caters,true
112,W0eocyGliMbg8NScqERaiA,Noise Level,loud
113,W0eocyGliMbg8NScqERaiA,Has TV,true
114,W0eocyGliMbg8NScqERaiA,Wheelchair Accessible,true
115,W0eocyGliMbg8NScqERaiA,Good For Groups,true
116,W0eocyGliMbg8NScqERaiA,Outdoor Seating,true
117,W0eocyGliMbg8NScqERaiA,Wi-Fi,paid
118,W0eocyGliMbg8NScqERaiA,Good For Dancing,false
119,0A8myHrHPpiZGvGyFIBA1w,By Appointment Only,true
120,J8T6Fu7RSczrflZ5rC6wvQ,Accepts Credit Cards,true
121,wAs-stW0HP6OXVXdpawnBQ,Alcohol,beer_and_wine
122,wAs-stW0HP6OXVXdpawnBQ,Waiter Service,true
123,wAs-stW0HP6OXVXdpawnBQ,Delivery,false
124,wAs-stW0HP6OXVXdpawnBQ,Attire,casual
125,wAs-stW0HP6OXVXdpawnBQ,Good for Kids,true
126,wAs-stW0HP6OXVXdpawnBQ,Take-out,true
127,wAs-stW0HP6OXVXdpawnBQ,Accepts Credit Cards,true
128,wAs-stW0HP6OXVXdpawnBQ,Price Range,1
129,wAs-stW0HP6OXVXdpawnBQ,Takes Reservations,true
130,wAs-stW0HP6OXVXdpawnBQ,Caters,false
131,wAs-stW0HP6OXVXdpawnBQ,Noise Level,quiet
132,wAs-stW0HP6OXVXdpawnBQ,Has TV,false
133,wAs-stW0HP6OXVXdpawnBQ,Good For Groups,true
134,wAs-stW0HP6OXVXdpawnBQ,Outdoor Seating,false
135,wAs-stW0HP6OXVXdpawnBQ,Wi-Fi,no
136,5CfsPNHmj7J8l1qXk-USsw,Accepts Credit Cards,true
137,sbD4f8aOsXZ6PJYh1kN4Ag,Wheelchair Accessible,true
138,sbD4f8aOsXZ6PJYh1kN4Ag,Accepts Credit Cards,true
139,sbD4f8aOsXZ6PJYh1kN4Ag,Price Range,2
140,vf5AdVCI7rEvXF2Falgp_w,Accepts Credit Cards,true
141,vf5AdVCI7rEvXF2Falgp_w,Price Range,1
142,vf5AdVCI7rEvXF2Falgp_w,Wi-Fi,free
143,gtQzAiy7D-dPU8WzT3jX3Q,Wheelchair Accessible,true
144,gtQzAiy7D-dPU8WzT3jX3Q,Accepts Credit Cards,true
145,gtQzAiy7D-dPU8WzT3jX3Q,Price Range,4
146,As7RemQnYJskIBPWUh3MIg,Alcohol,full_bar
147,As7RemQnYJskIBPWUh3MIg,Happy Hour,true
148,As7RemQnYJskIBPWUh3MIg,Accepts Credit Cards,true
149,nV_7lAYFVISEs-Te4e39gA,Accepts Credit Cards,true
150,59IPTGX3P6gxpIFYYv1kZg,Accepts Credit Cards,true
151,59IPTGX3P6gxpIFYYv1kZg,Price Range,2
152,HfWkdqxegjiGEXzI8j7Wwg,By Appointment Only,false
153,HfWkdqxegjiGEXzI8j7Wwg,Wheelchair Accessible,true
154,HfWkdqxegjiGEXzI8j7Wwg,Accepts Credit Cards,true
155,HfWkdqxegjiGEXzI8j7Wwg,Price Range,2
156,31bXixwy2GNmRlhpl21reA,Wheelchair Accessible,true
157,31bXixwy2GNmRlhpl21reA,Accepts Credit Cards,true
158,31bXixwy2GNmRlhpl21reA,Price Range,3
159,xvCWAzIS_EpTwDIUVhY_Og,Waiter Service,false
160,xvCWAzIS_EpTwDIUVhY_Og,Caters,false
161,xvCWAzIS_EpTwDIUVhY_Og,Accepts Credit Cards,true
162,nKrUueeLiIAeMH8nGhdh3A,Waiter Service,false
163,nKrUueeLiIAeMH8nGhdh3A,Attire,casual
164,nKrUueeLiIAeMH8nGhdh3A,Has TV,true
165,nKrUueeLiIAeMH8nGhdh3A,Price Range,1
166,nKrUueeLiIAeMH8nGhdh3A,Outdoor Seating,false
167,nKrUueeLiIAeMH8nGhdh3A,Wi-Fi,free
168,h3suimHlSVRu9V_AJxbbGw,Accepts Credit Cards,true
169,h3suimHlSVRu9V_AJxbbGw,Price Range,2
170,fI2DvmH3ikpZnVaxWyL66Q,Good for Kids,true
171,-tNGtyL1Tx20Od4npKkdcg,Accepts Credit Cards,true
172,RxYntP8Gsu9hH6gtGjQGVw,Waiter Service,true
173,RxYntP8Gsu9hH6gtGjQGVw,Delivery,true
174,RxYntP8Gsu9hH6gtGjQGVw,Attire,casual
175,RxYntP8Gsu9hH6gtGjQGVw,Good for Kids,true
176,RxYntP8Gsu9hH6gtGjQGVw,Take-out,true
177,RxYntP8Gsu9hH6gtGjQGVw,Accepts Credit Cards,true
178,RxYntP8Gsu9hH6gtGjQGVw,Price Range,2
179,RxYntP8Gsu9hH6gtGjQGVw,Takes Reservations,false
180,RxYntP8Gsu9hH6gtGjQGVw,Caters,true
181,RxYntP8Gsu9hH6gtGjQGVw,Noise Level,quiet
182,RxYntP8Gsu9hH6gtGjQGVw,Has TV,true
183,RxYntP8Gsu9hH6gtGjQGVw,Good For Groups,false
184,RxYntP8Gsu9hH6gtGjQGVw,Outdoor Seating,false
185,CqhsIZ7TzCfJTrZqg5-gqQ,Coat Check,false
186,CqhsIZ7TzCfJTrZqg5-gqQ,Alcohol,full_bar
187,CqhsIZ7TzCfJTrZqg5-gqQ,Waiter Service,true
188,CqhsIZ7TzCfJTrZqg5-gqQ,Happy Hour,true
189,CqhsIZ7TzCfJTrZqg5-gqQ,Attire,casual
190,CqhsIZ7TzCfJTrZqg5-gqQ,Delivery,false
191,CqhsIZ7TzCfJTrZqg5-gqQ,Good for Kids,false
192,CqhsIZ7TzCfJTrZqg5-gqQ,Take-out,true
193,CqhsIZ7TzCfJTrZqg5-gqQ,Accepts Credit Cards,true
194,CqhsIZ7TzCfJTrZqg5-gqQ,Price Range,1
195,CqhsIZ7TzCfJTrZqg5-gqQ,Takes Reservations,true
196,CqhsIZ7TzCfJTrZqg5-gqQ,Order at Counter,false
197,CqhsIZ7TzCfJTrZqg5-gqQ,Smoking,outdoor
198,CqhsIZ7TzCfJTrZqg5-gqQ,Caters,false
199,CqhsIZ7TzCfJTrZqg5-gqQ,Noise Level,average
200,CqhsIZ7TzCfJTrZqg5-gqQ,Has TV,true
201,CqhsIZ7TzCfJTrZqg5-gqQ,Wheelchair Accessible,true
202,CqhsIZ7TzCfJTrZqg5-gqQ,Good For Groups,true
203,CqhsIZ7TzCfJTrZqg5-gqQ,Outdoor Seating,true
204,CqhsIZ7TzCfJTrZqg5-gqQ,Wi-Fi,free
205,CqhsIZ7TzCfJTrZqg5-gqQ,Good For Dancing,false
206,CqhsIZ7TzCfJTrZqg5-gqQ,Good For Kids,false
207,rV1WnfnwepMajkwY4Vtoag,Accepts Credit Cards,true
208,_yGo2ubkwQPXcKrdcURSNw,Accepts Credit Cards,true
209,_yGo2ubkwQPXcKrdcURSNw,Price Range,3
210,_yGo2ubkwQPXcKrdcURSNw,Wi-Fi,paid
211,hBhIdGHnOrybzw-VuGuBig,By Appointment Only,false
212,ChmqODwuYP1ewjmWXtxtsg,Alcohol,beer_and_wine
213,ChmqODwuYP1ewjmWXtxtsg,Waiter Service,true
214,ChmqODwuYP1ewjmWXtxtsg,Attire,casual
215,ChmqODwuYP1ewjmWXtxtsg,Delivery,false
216,ChmqODwuYP1ewjmWXtxtsg,Good for Kids,true
217,ChmqODwuYP1ewjmWXtxtsg,Take-out,true
218,ChmqODwuYP1ewjmWXtxtsg,Accepts Credit Cards,true
219,ChmqODwuYP1ewjmWXtxtsg,Price Range,2
220,ChmqODwuYP1ewjmWXtxtsg,Takes Reservations,true
221,ChmqODwuYP1ewjmWXtxtsg,Caters,true
222,ChmqODwuYP1ewjmWXtxtsg,Noise Level,average
223,ChmqODwuYP1ewjmWXtxtsg,Has TV,false
224,ChmqODwuYP1ewjmWXtxtsg,Wheelchair Accessible,true
225,ChmqODwuYP1ewjmWXtxtsg,Good For Groups,true
226,ChmqODwuYP1ewjmWXtxtsg,Outdoor Seating,false
227,ChmqODwuYP1ewjmWXtxtsg,Wi-Fi,no
228,nBqXILuCGVZ4-aPuRKjCCg,Waiter Service,false
229,nBqXILuCGVZ4-aPuRKjCCg,Attire,casual
230,nBqXILuCGVZ4-aPuRKjCCg,Good for Kids,true
231,nBqXILuCGVZ4-aPuRKjCCg,Has TV,true
232,nBqXILuCGVZ4-aPuRKjCCg,Good For Groups,true
233,nBqXILuCGVZ4-aPuRKjCCg,Outdoor Seating,false
234,nBqXILuCGVZ4-aPuRKjCCg,Takes Reservations,false
235,IW9yHeqnFCEbO5s1UCrqeA,Wheelchair Accessible,true
236,IW9yHeqnFCEbO5s1UCrqeA,Accepts Credit Cards,true
237,IW9yHeqnFCEbO5s1UCrqeA,Price Range,1
238,GtSBeSaMK9aNJT8Ka4GkDQ,By Appointment Only,true
239,2Bd3gy5lmINZ-2QxXVRLdA,Accepts Credit Cards,true
240,2Bd3gy5lmINZ-2QxXVRLdA,Price Range,1
241,2Bd3gy5lmINZ-2QxXVRLdA,Outdoor Seating,true
242,2Bd3gy5lmINZ-2QxXVRLdA,Wi-Fi,free
243,Xa-NZsGIIU9BWrFetK0EvA,Accepts Credit Cards,true
244,Xa-NZsGIIU9BWrFetK0EvA,Price Range,3
245,-KF9RQPkmIOHfE0tzUu9bg,Wheelchair Accessible,true
246,-KF9RQPkmIOHfE0tzUu9bg,Accepts Credit Cards,true
247,-KF9RQPkmIOHfE0tzUu9bg,Outdoor Seating,true
248,-KF9RQPkmIOHfE0tzUu9bg,Price Range,1
249,-KF9RQPkmIOHfE0tzUu9bg,Wi-Fi,no
250,6w_k3NCXF_p8UTWDxpOF5w,Delivery,true
251,6w_k3NCXF_p8UTWDxpOF5w,Attire,casual
252,6w_k3NCXF_p8UTWDxpOF5w,Good for Kids,true
253,6w_k3NCXF_p8UTWDxpOF5w,Take-out,true
254,6w_k3NCXF_p8UTWDxpOF5w,Accepts Credit Cards,true
255,6w_k3NCXF_p8UTWDxpOF5w,Takes Reservations,false
256,6w_k3NCXF_p8UTWDxpOF5w,Caters,true
257,6w_k3NCXF_p8UTWDxpOF5w,Noise Level,average
258,6w_k3NCXF_p8UTWDxpOF5w,Has TV,false
259,6w_k3NCXF_p8UTWDxpOF5w,Good For Groups,true
260,6w_k3NCXF_p8UTWDxpOF5w,Outdoor Seating,false
261,8ZFPlegggez_VSoBoqRFvg,Price Range,1
262,yvSVDO3llx9Eg2lNreJqmg,Accepts Credit Cards,true
263,yvSVDO3llx9Eg2lNreJqmg,Price Range,2
264,Atbyj1_dXFUDysgvGKMdbw,By Appointment Only,false
265,Atbyj1_dXFUDysgvGKMdbw,Accepts Credit Cards,true
266,Atbyj1_dXFUDysgvGKMdbw,Price Range,2
267,1zM7busmXUfYrbNiIHIcuw,Good for Kids,true
268,MwIM3O0p8V_y2ttXz0_xGw,By Appointment Only,true
269,MFxhYRVqFcEZC009-6yfOw,Good for Kids,true
270,_DZfwU9dE9Q5I1-1jiM1vQ,Alcohol,full_bar
271,_DZfwU9dE9Q5I1-1jiM1vQ,Waiter Service,true
272,_DZfwU9dE9Q5I1-1jiM1vQ,Attire,casual
273,_DZfwU9dE9Q5I1-1jiM1vQ,Delivery,true
274,_DZfwU9dE9Q5I1-1jiM1vQ,Good for Kids,false
275,_DZfwU9dE9Q5I1-1jiM1vQ,Take-out,true
276,_DZfwU9dE9Q5I1-1jiM1vQ,Accepts Credit Cards,true
277,_DZfwU9dE9Q5I1-1jiM1vQ,Price Range,2
278,_DZfwU9dE9Q5I1-1jiM1vQ,Takes Reservations,false
279,_DZfwU9dE9Q5I1-1jiM1vQ,Smoking,yes
280,_DZfwU9dE9Q5I1-1jiM1vQ,Caters,false
281,_DZfwU9dE9Q5I1-1jiM1vQ,Noise Level,quiet
282,_DZfwU9dE9Q5I1-1jiM1vQ,Has TV,true
283,_DZfwU9dE9Q5I1-1jiM1vQ,Good For Groups,false
284,_DZfwU9dE9Q5I1-1jiM1vQ,Outdoor Seating,false
285,_DZfwU9dE9Q5I1-1jiM1vQ,Wi-Fi,no
286,_DZfwU9dE9Q5I1-1jiM1vQ,Good For Dancing,true
287,i52eORoeWujZ9y_w3Dos5Q,Wheelchair Accessible,true
288,i52eORoeWujZ9y_w3Dos5Q,Accepts Credit Cards,true
289,i52eORoeWujZ9y_w3Dos5Q,Price Range,2
290,AZqwEahCRmVpyMm-OzueGQ,By Appointment Only,false
291,AZqwEahCRmVpyMm-OzueGQ,Accepts Credit Cards,true
292,AZqwEahCRmVpyMm-OzueGQ,Price Range,2
293,z4GddMQN7_GqT8SYj4S0aw,Good for Kids,true
294,9ggd0DySEZNw990JGaFSQQ,Open 24 Hours,false
295,9ggd0DySEZNw990JGaFSQQ,Wheelchair Accessible,true
296,9ggd0DySEZNw990JGaFSQQ,Accepts Credit Cards,true
297,9ggd0DySEZNw990JGaFSQQ,Price Range,2
298,lK408BRA42pDIwk89dxSVQ,Accepts Credit Cards,true
299,lK408BRA42pDIwk89dxSVQ,Price Range,2
300,lK408BRA42pDIwk89dxSVQ,Wi-Fi,free
301,sSJeLgg3bQTR3vHkkJd9rQ,Accepts Credit Cards,true
302,sSJeLgg3bQTR3vHkkJd9rQ,Price Range,2
303,9nJi8n5l7ufJZ9PbhNJT8w,Accepts Credit Cards,true
304,9nJi8n5l7ufJZ9PbhNJT8w,Price Range,2
305,EeQlS9VLlfWT25-MeYsJTg,Alcohol,beer_and_wine
306,EeQlS9VLlfWT25-MeYsJTg,Waiter Service,false
307,EeQlS9VLlfWT25-MeYsJTg,Delivery,false
308,EeQlS9VLlfWT25-MeYsJTg,Attire,casual
309,EeQlS9VLlfWT25-MeYsJTg,Good for Kids,true
310,EeQlS9VLlfWT25-MeYsJTg,Take-out,true
311,EeQlS9VLlfWT25-MeYsJTg,Accepts Credit Cards,true
312,EeQlS9VLlfWT25-MeYsJTg,Price Range,1
313,EeQlS9VLlfWT25-MeYsJTg,Takes Reservations,false
314,EeQlS9VLlfWT25-MeYsJTg,Caters,true
315,EeQlS9VLlfWT25-MeYsJTg,Has TV,false
316,EeQlS9VLlfWT25-MeYsJTg,Wheelchair Accessible,true
317,EeQlS9VLlfWT25-MeYsJTg,Good For Groups,false
318,EeQlS9VLlfWT25-MeYsJTg,Outdoor Seating,true
319,4lmMryYEDFbRVLAJVSTKEg,By Appointment Only,false
320,4lmMryYEDFbRVLAJVSTKEg,Accepts Credit Cards,true
321,4lmMryYEDFbRVLAJVSTKEg,Price Range,2
322,yC3ydbHAJTZ22FZp4LynFg,Alcohol,none
323,yC3ydbHAJTZ22FZp4LynFg,Waiter Service,false
324,yC3ydbHAJTZ22FZp4LynFg,Attire,casual
325,yC3ydbHAJTZ22FZp4LynFg,Delivery,false
326,yC3ydbHAJTZ22FZp4LynFg,Good for Kids,true
327,yC3ydbHAJTZ22FZp4LynFg,Take-out,true
328,yC3ydbHAJTZ22FZp4LynFg,Accepts Credit Cards,true
329,yC3ydbHAJTZ22FZp4LynFg,Price Range,1
330,yC3ydbHAJTZ22FZp4LynFg,Takes Reservations,false
331,yC3ydbHAJTZ22FZp4LynFg,Caters,true
332,yC3ydbHAJTZ22FZp4LynFg,Noise Level,quiet
333,yC3ydbHAJTZ22FZp4LynFg,Has TV,true
334,yC3ydbHAJTZ22FZp4LynFg,Wheelchair Accessible,true
335,yC3ydbHAJTZ22FZp4LynFg,Good For Groups,true
336,yC3ydbHAJTZ22FZp4LynFg,Outdoor Seating,false
337,yC3ydbHAJTZ22FZp4LynFg,Wi-Fi,no
338,XRdwAqzuG_SwVFFlOzLmEQ,Smoking,outdoor
339,XRdwAqzuG_SwVFFlOzLmEQ,Alcohol,full_bar
340,XRdwAqzuG_SwVFFlOzLmEQ,Noise Level,loud
341,XRdwAqzuG_SwVFFlOzLmEQ,Has TV,true
342,XRdwAqzuG_SwVFFlOzLmEQ,Good For Groups,true
343,XRdwAqzuG_SwVFFlOzLmEQ,Accepts Credit Cards,true
344,XRdwAqzuG_SwVFFlOzLmEQ,Outdoor Seating,true
345,XRdwAqzuG_SwVFFlOzLmEQ,Takes Reservations,true
346,XRdwAqzuG_SwVFFlOzLmEQ,Good For Dancing,false
347,vSFo-dxhQN9gWMaGdiNNFQ,Accepts Credit Cards,true
348,fHssE8P0JYd4sEcMTR9WdQ,By Appointment Only,false
349,fHssE8P0JYd4sEcMTR9WdQ,Accepts Credit Cards,true
350,fHssE8P0JYd4sEcMTR9WdQ,Price Range,1
351,IWwt0vm8lYbVoyGSPd2Z9A,Coat Check,false
352,IWwt0vm8lYbVoyGSPd2Z9A,Alcohol,beer_and_wine
353,IWwt0vm8lYbVoyGSPd2Z9A,Waiter Service,false
354,IWwt0vm8lYbVoyGSPd2Z9A,Happy Hour,false
355,IWwt0vm8lYbVoyGSPd2Z9A,Attire,casual
356,IWwt0vm8lYbVoyGSPd2Z9A,Delivery,false
357,IWwt0vm8lYbVoyGSPd2Z9A,Good for Kids,true
358,IWwt0vm8lYbVoyGSPd2Z9A,Take-out,true
359,IWwt0vm8lYbVoyGSPd2Z9A,Accepts Credit Cards,true
360,IWwt0vm8lYbVoyGSPd2Z9A,Price Range,2
361,IWwt0vm8lYbVoyGSPd2Z9A,Takes Reservations,false
362,IWwt0vm8lYbVoyGSPd2Z9A,Smoking,no
363,IWwt0vm8lYbVoyGSPd2Z9A,Caters,true
364,IWwt0vm8lYbVoyGSPd2Z9A,Noise Level,average
365,IWwt0vm8lYbVoyGSPd2Z9A,Has TV,true
366,IWwt0vm8lYbVoyGSPd2Z9A,Good For Groups,true
367,IWwt0vm8lYbVoyGSPd2Z9A,Outdoor Seating,true
368,IWwt0vm8lYbVoyGSPd2Z9A,Wi-Fi,no
369,IWwt0vm8lYbVoyGSPd2Z9A,Good For Dancing,false
370,oxsCvEkQNNIbOPDt_QK_0A,Alcohol,full_bar
371,oxsCvEkQNNIbOPDt_QK_0A,Open 24 Hours,false
372,oxsCvEkQNNIbOPDt_QK_0A,Waiter Service,true
373,oxsCvEkQNNIbOPDt_QK_0A,Delivery,false
374,oxsCvEkQNNIbOPDt_QK_0A,Attire,casual
375,oxsCvEkQNNIbOPDt_QK_0A,Good for Kids,true
376,oxsCvEkQNNIbOPDt_QK_0A,Take-out,true
377,oxsCvEkQNNIbOPDt_QK_0A,Accepts Credit Cards,true
378,oxsCvEkQNNIbOPDt_QK_0A,Price Range,2
379,oxsCvEkQNNIbOPDt_QK_0A,Takes Reservations,true
380,oxsCvEkQNNIbOPDt_QK_0A,Noise Level,quiet
381,oxsCvEkQNNIbOPDt_QK_0A,Wheelchair Accessible,true
382,oxsCvEkQNNIbOPDt_QK_0A,Good For Groups,true
383,oxsCvEkQNNIbOPDt_QK_0A,Outdoor Seating,true
384,oxsCvEkQNNIbOPDt_QK_0A,Good For Kids,true
385,tXYFkBqCwAvIj-fqJXlSvQ,Accepts Credit Cards,true
386,tXYFkBqCwAvIj-fqJXlSvQ,Price Range,2
387,tXYFkBqCwAvIj-fqJXlSvQ,Wi-Fi,free
388,pSiR8m18iick2D7TFdmb-Q,Alcohol,beer_and_wine
389,pSiR8m18iick2D7TFdmb-Q,Waiter Service,true
390,pSiR8m18iick2D7TFdmb-Q,Attire,casual
391,pSiR8m18iick2D7TFdmb-Q,Delivery,true
392,pSiR8m18iick2D7TFdmb-Q,Good for Kids,true
393,pSiR8m18iick2D7TFdmb-Q,Take-out,true
394,pSiR8m18iick2D7TFdmb-Q,Accepts Credit Cards,true
395,pSiR8m18iick2D7TFdmb-Q,Price Range,2
396,pSiR8m18iick2D7TFdmb-Q,Takes Reservations,true
397,pSiR8m18iick2D7TFdmb-Q,Caters,false
398,pSiR8m18iick2D7TFdmb-Q,Noise Level,quiet
399,pSiR8m18iick2D7TFdmb-Q,Has TV,false
400,pSiR8m18iick2D7TFdmb-Q,Wheelchair Accessible,true
401,pSiR8m18iick2D7TFdmb-Q,Good For Groups,true
402,pSiR8m18iick2D7TFdmb-Q,Outdoor Seating,false
403,pSiR8m18iick2D7TFdmb-Q,Wi-Fi,no
404,pSiR8m18iick2D7TFdmb-Q,Good For Kids,true
405,GBN0-wo_cHLnC_pwoOTIFQ,Alcohol,none
406,GBN0-wo_cHLnC_pwoOTIFQ,Waiter Service,false
407,GBN0-wo_cHLnC_pwoOTIFQ,Delivery,true
408,GBN0-wo_cHLnC_pwoOTIFQ,Attire,casual
409,GBN0-wo_cHLnC_pwoOTIFQ,Good for Kids,true
410,GBN0-wo_cHLnC_pwoOTIFQ,Take-out,true
411,GBN0-wo_cHLnC_pwoOTIFQ,Accepts Credit Cards,true
412,GBN0-wo_cHLnC_pwoOTIFQ,Price Range,1
413,GBN0-wo_cHLnC_pwoOTIFQ,Takes Reservations,false
414,GBN0-wo_cHLnC_pwoOTIFQ,Noise Level,quiet
415,GBN0-wo_cHLnC_pwoOTIFQ,Has TV,false
416,GBN0-wo_cHLnC_pwoOTIFQ,Wheelchair Accessible,true
417,GBN0-wo_cHLnC_pwoOTIFQ,Good For Groups,true
418,GBN0-wo_cHLnC_pwoOTIFQ,Outdoor Seating,false
419,-NrEcXQ0qioMwkRsgoq8Kw,Accepts Credit Cards,true
420,rO1BrNjNKcbPlyAdhjGTiw,Accepts Credit Cards,true
421,-8Z6AiHwXInpnl6Q1Ey_5w,Wheelchair Accessible,true
422,-8Z6AiHwXInpnl6Q1Ey_5w,Accepts Credit Cards,true
423,-8Z6AiHwXInpnl6Q1Ey_5w,Price Range,2
424,iZpgRNPogioU5sEaDyl5uw,Alcohol,none
425,iZpgRNPogioU5sEaDyl5uw,Waiter Service,false
426,iZpgRNPogioU5sEaDyl5uw,Attire,casual
427,iZpgRNPogioU5sEaDyl5uw,Delivery,true
428,iZpgRNPogioU5sEaDyl5uw,Good for Kids,true
429,iZpgRNPogioU5sEaDyl5uw,Take-out,true
430,iZpgRNPogioU5sEaDyl5uw,Accepts Credit Cards,true
431,iZpgRNPogioU5sEaDyl5uw,Price Range,1
432,iZpgRNPogioU5sEaDyl5uw,Takes Reservations,false
433,iZpgRNPogioU5sEaDyl5uw,Caters,false
434,iZpgRNPogioU5sEaDyl5uw,Noise Level,quiet
435,iZpgRNPogioU5sEaDyl5uw,Has TV,true
436,iZpgRNPogioU5sEaDyl5uw,Wheelchair Accessible,true
437,iZpgRNPogioU5sEaDyl5uw,Good For Groups,false
438,iZpgRNPogioU5sEaDyl5uw,Outdoor Seating,false
439,iZpgRNPogioU5sEaDyl5uw,Wi-Fi,no
440,lLC7pJSpnF9CDfL9Gbg-Sg,Accepts Credit Cards,false
441,lLC7pJSpnF9CDfL9Gbg-Sg,Price Range,1
442,Fo1ttGuJfqKkbUCBVSNxXg,Accepts Credit Cards,true
443,Fo1ttGuJfqKkbUCBVSNxXg,Price Range,2
444,-_K8AE722c1u9Dsa8jo_vg,Wheelchair Accessible,true
445,-_K8AE722c1u9Dsa8jo_vg,Dogs Allowed,true
446,-_K8AE722c1u9Dsa8jo_vg,Accepts Credit Cards,true
447,-_K8AE722c1u9Dsa8jo_vg,Price Range,3
448,Cr2JNnewX53TYd9w6qw6Jw,Alcohol,none
449,Cr2JNnewX53TYd9w6qw6Jw,Waiter Service,false
450,Cr2JNnewX53TYd9w6qw6Jw,Attire,casual
451,Cr2JNnewX53TYd9w6qw6Jw,Delivery,false
452,Cr2JNnewX53TYd9w6qw6Jw,Good for Kids,true
453,Cr2JNnewX53TYd9w6qw6Jw,Drive-Thru,false
454,Cr2JNnewX53TYd9w6qw6Jw,Take-out,true
455,Cr2JNnewX53TYd9w6qw6Jw,Accepts Credit Cards,true
456,Cr2JNnewX53TYd9w6qw6Jw,Price Range,1
457,Cr2JNnewX53TYd9w6qw6Jw,Takes Reservations,false
458,Cr2JNnewX53TYd9w6qw6Jw,Caters,false
459,Cr2JNnewX53TYd9w6qw6Jw,Noise Level,average
460,Cr2JNnewX53TYd9w6qw6Jw,Has TV,false
461,Cr2JNnewX53TYd9w6qw6Jw,Good For Groups,true
462,Cr2JNnewX53TYd9w6qw6Jw,Outdoor Seating,true
463,Cr2JNnewX53TYd9w6qw6Jw,Wi-Fi,no
464,04SKYBXRAqeYIuuVDzwKNg,Alcohol,beer_and_wine
465,04SKYBXRAqeYIuuVDzwKNg,Waiter Service,false
466,04SKYBXRAqeYIuuVDzwKNg,Delivery,false
467,04SKYBXRAqeYIuuVDzwKNg,Attire,casual
468,04SKYBXRAqeYIuuVDzwKNg,Good for Kids,true
469,04SKYBXRAqeYIuuVDzwKNg,Take-out,true
470,04SKYBXRAqeYIuuVDzwKNg,Accepts Credit Cards,true
471,04SKYBXRAqeYIuuVDzwKNg,Price Range,1
472,04SKYBXRAqeYIuuVDzwKNg,Takes Reservations,false
473,04SKYBXRAqeYIuuVDzwKNg,BYOB,false
474,04SKYBXRAqeYIuuVDzwKNg,BYOB/Corkage,no
475,04SKYBXRAqeYIuuVDzwKNg,Wheelchair Accessible,true
476,04SKYBXRAqeYIuuVDzwKNg,Good For Groups,true
477,04SKYBXRAqeYIuuVDzwKNg,Outdoor Seating,false
478,U9mhPrFfu-r-Z-HiGDU7YA,By Appointment Only,true
479,NQ9k6FFG5IkylMdM8cQnmQ,Wheelchair Accessible,true
480,NQ9k6FFG5IkylMdM8cQnmQ,Dogs Allowed,true
481,NQ9k6FFG5IkylMdM8cQnmQ,Accepts Credit Cards,true
482,NQ9k6FFG5IkylMdM8cQnmQ,Price Range,2
483,C5u1iFCgPp5wENbxaqIQPA,Accepts Credit Cards,true
484,DDnmNTvIIQu2t3WZ2EQx-w,Alcohol,full_bar
485,DDnmNTvIIQu2t3WZ2EQx-w,Waiter Service,true
486,DDnmNTvIIQu2t3WZ2EQx-w,Attire,casual
487,DDnmNTvIIQu2t3WZ2EQx-w,Delivery,false
488,DDnmNTvIIQu2t3WZ2EQx-w,Good for Kids,true
489,DDnmNTvIIQu2t3WZ2EQx-w,Take-out,true
490,DDnmNTvIIQu2t3WZ2EQx-w,Accepts Credit Cards,true
491,DDnmNTvIIQu2t3WZ2EQx-w,Price Range,2
492,DDnmNTvIIQu2t3WZ2EQx-w,Takes Reservations,true
493,DDnmNTvIIQu2t3WZ2EQx-w,Caters,true
494,DDnmNTvIIQu2t3WZ2EQx-w,Noise Level,average
495,DDnmNTvIIQu2t3WZ2EQx-w,Has TV,true
496,DDnmNTvIIQu2t3WZ2EQx-w,BYOB/Corkage,no
497,DDnmNTvIIQu2t3WZ2EQx-w,Wheelchair Accessible,true
498,DDnmNTvIIQu2t3WZ2EQx-w,Good For Groups,true
499,DDnmNTvIIQu2t3WZ2EQx-w,Outdoor Seating,true
500,DDnmNTvIIQu2t3WZ2EQx-w,Wi-Fi,no
501,Ih1TGSZyu2Q8htn2JA4tIA,Alcohol,full_bar
502,Ih1TGSZyu2Q8htn2JA4tIA,Waiter Service,true
503,Ih1TGSZyu2Q8htn2JA4tIA,Attire,casual
504,Ih1TGSZyu2Q8htn2JA4tIA,Delivery,false
505,Ih1TGSZyu2Q8htn2JA4tIA,Good for Kids,true
506,Ih1TGSZyu2Q8htn2JA4tIA,Take-out,true
507,Ih1TGSZyu2Q8htn2JA4tIA,Accepts Credit Cards,true
508,Ih1TGSZyu2Q8htn2JA4tIA,Price Range,2
509,Ih1TGSZyu2Q8htn2JA4tIA,Takes Reservations,true
510,Ih1TGSZyu2Q8htn2JA4tIA,Caters,false
511,Ih1TGSZyu2Q8htn2JA4tIA,Noise Level,quiet
512,Ih1TGSZyu2Q8htn2JA4tIA,Has TV,false
513,Ih1TGSZyu2Q8htn2JA4tIA,Wheelchair Accessible,true
514,Ih1TGSZyu2Q8htn2JA4tIA,Good For Groups,true
515,Ih1TGSZyu2Q8htn2JA4tIA,Outdoor Seating,false
516,Ih1TGSZyu2Q8htn2JA4tIA,Wi-Fi,no
517,FCcFT610nQBVcRdY-devQA,Coat Check,false
518,FCcFT610nQBVcRdY-devQA,Alcohol,full_bar
519,FCcFT610nQBVcRdY-devQA,Waiter Service,true
520,FCcFT610nQBVcRdY-devQA,Happy Hour,true
521,FCcFT610nQBVcRdY-devQA,Attire,casual
522,FCcFT610nQBVcRdY-devQA,Delivery,false
523,FCcFT610nQBVcRdY-devQA,Good for Kids,false
524,FCcFT610nQBVcRdY-devQA,Take-out,false
525,FCcFT610nQBVcRdY-devQA,Accepts Credit Cards,true
526,FCcFT610nQBVcRdY-devQA,Price Range,2
527,FCcFT610nQBVcRdY-devQA,Takes Reservations,true
528,FCcFT610nQBVcRdY-devQA,Smoking,outdoor
529,FCcFT610nQBVcRdY-devQA,Caters,false
530,FCcFT610nQBVcRdY-devQA,Noise Level,average
531,FCcFT610nQBVcRdY-devQA,Has TV,true
532,FCcFT610nQBVcRdY-devQA,Good For Groups,true
533,FCcFT610nQBVcRdY-devQA,Outdoor Seating,true
534,FCcFT610nQBVcRdY-devQA,Wi-Fi,free
535,FCcFT610nQBVcRdY-devQA,Good For Dancing,false
536,6n_YkYKnr5clOlVZ5Kerxw,By Appointment Only,true
537,50cJrzHLMDQiazc-w0V2gA,Dogs Allowed,true
538,50cJrzHLMDQiazc-w0V2gA,Accepts Credit Cards,true
539,50cJrzHLMDQiazc-w0V2gA,Price Range,2
540,50cJrzHLMDQiazc-w0V2gA,Wi-Fi,free
541,532kW_MNHlg64rz0eIn-ug,By Appointment Only,true
542,w5UduCXEjPr-uSmib5oPAw,Alcohol,full_bar
543,w5UduCXEjPr-uSmib5oPAw,Waiter Service,true
544,w5UduCXEjPr-uSmib5oPAw,Delivery,false
545,w5UduCXEjPr-uSmib5oPAw,Attire,casual
546,w5UduCXEjPr-uSmib5oPAw,Good for Kids,false
547,w5UduCXEjPr-uSmib5oPAw,Take-out,true
548,w5UduCXEjPr-uSmib5oPAw,Accepts Credit Cards,true
549,w5UduCXEjPr-uSmib5oPAw,Price Range,3
550,w5UduCXEjPr-uSmib5oPAw,Takes Reservations,true
551,w5UduCXEjPr-uSmib5oPAw,Order at Counter,false
552,w5UduCXEjPr-uSmib5oPAw,Wheelchair Accessible,true
553,w5UduCXEjPr-uSmib5oPAw,Good For Groups,true
554,w5UduCXEjPr-uSmib5oPAw,Good For Kids,false
555,2yMqb2Ey4PspeyLn4y2dHQ,Wheelchair Accessible,true
556,2yMqb2Ey4PspeyLn4y2dHQ,Accepts Credit Cards,true
557,2yMqb2Ey4PspeyLn4y2dHQ,Price Range,2
558,X_J65cnN3jJWGYacyNwKGg,Alcohol,none
559,X_J65cnN3jJWGYacyNwKGg,Waiter Service,true
560,X_J65cnN3jJWGYacyNwKGg,Attire,casual
561,X_J65cnN3jJWGYacyNwKGg,Delivery,true
562,X_J65cnN3jJWGYacyNwKGg,Good for Kids,true
563,X_J65cnN3jJWGYacyNwKGg,Dogs Allowed,false
564,X_J65cnN3jJWGYacyNwKGg,Take-out,true
565,X_J65cnN3jJWGYacyNwKGg,Accepts Credit Cards,true
566,X_J65cnN3jJWGYacyNwKGg,Price Range,1
567,X_J65cnN3jJWGYacyNwKGg,Takes Reservations,false
568,X_J65cnN3jJWGYacyNwKGg,Caters,true
569,X_J65cnN3jJWGYacyNwKGg,Noise Level,average
570,X_J65cnN3jJWGYacyNwKGg,Has TV,false
571,X_J65cnN3jJWGYacyNwKGg,Wheelchair Accessible,true
572,X_J65cnN3jJWGYacyNwKGg,Good For Groups,true
573,X_J65cnN3jJWGYacyNwKGg,Outdoor Seating,false
574,X_J65cnN3jJWGYacyNwKGg,Wi-Fi,no
575,n6eQomjE3b7k3TqqD0kY6g,Wheelchair Accessible,true
576,n6eQomjE3b7k3TqqD0kY6g,Accepts Credit Cards,true
577,n6eQomjE3b7k3TqqD0kY6g,Price Range,2
578,vfzUNcV9B3RhDyuZp0I1pQ,Alcohol,full_bar
579,vfzUNcV9B3RhDyuZp0I1pQ,Waiter Service,true
580,vfzUNcV9B3RhDyuZp0I1pQ,Attire,casual
581,vfzUNcV9B3RhDyuZp0I1pQ,Delivery,false
582,vfzUNcV9B3RhDyuZp0I1pQ,Good for Kids,true
583,vfzUNcV9B3RhDyuZp0I1pQ,Take-out,true
584,vfzUNcV9B3RhDyuZp0I1pQ,Accepts Credit Cards,true
585,vfzUNcV9B3RhDyuZp0I1pQ,Price Range,2
586,vfzUNcV9B3RhDyuZp0I1pQ,Takes Reservations,false
587,vfzUNcV9B3RhDyuZp0I1pQ,Caters,false
588,vfzUNcV9B3RhDyuZp0I1pQ,Noise Level,loud
589,vfzUNcV9B3RhDyuZp0I1pQ,Has TV,true
590,vfzUNcV9B3RhDyuZp0I1pQ,Wheelchair Accessible,true
591,vfzUNcV9B3RhDyuZp0I1pQ,Good For Groups,true
592,vfzUNcV9B3RhDyuZp0I1pQ,Outdoor Seating,false
593,vfzUNcV9B3RhDyuZp0I1pQ,Wi-Fi,no
594,vfzUNcV9B3RhDyuZp0I1pQ,Good For Kids,true
595,X4lwZ6Msx9GvpDBElqsv8A,Accepts Credit Cards,true
596,X4lwZ6Msx9GvpDBElqsv8A,Price Range,2
597,r_0k2yqAo1Z4tg_IgXr7Jg,Wheelchair Accessible,true
598,r_0k2yqAo1Z4tg_IgXr7Jg,Accepts Credit Cards,true
599,r_0k2yqAo1Z4tg_IgXr7Jg,Price Range,1
600,r_0k2yqAo1Z4tg_IgXr7Jg,Wi-Fi,free
601,7CaKZrLu_f0I4hkngBGxUA,By Appointment Only,false
602,7CaKZrLu_f0I4hkngBGxUA,Accepts Credit Cards,true
603,7CaKZrLu_f0I4hkngBGxUA,Price Range,2
604,7CaKZrLu_f0I4hkngBGxUA,Accepts Insurance,false
605,qK8WUOFeXavZ6q4sYNNLhw,Price Range,2
606,Y1eMoHPnhwoOcYsKxGl74g,Wheelchair Accessible,true
607,Y1eMoHPnhwoOcYsKxGl74g,Accepts Credit Cards,true
608,Y1eMoHPnhwoOcYsKxGl74g,Price Range,2
609,KKAbuwTTB1aNFSj8XpnEpw,Price Range,2
610,qjmCVYkwP-HDa35jwYucbQ,Alcohol,full_bar
611,qjmCVYkwP-HDa35jwYucbQ,Waiter Service,true
612,qjmCVYkwP-HDa35jwYucbQ,Attire,casual
613,qjmCVYkwP-HDa35jwYucbQ,Delivery,false
614,qjmCVYkwP-HDa35jwYucbQ,Good for Kids,true
615,qjmCVYkwP-HDa35jwYucbQ,Take-out,true
616,qjmCVYkwP-HDa35jwYucbQ,Accepts Credit Cards,true
617,qjmCVYkwP-HDa35jwYucbQ,Price Range,2
618,qjmCVYkwP-HDa35jwYucbQ,Takes Reservations,true
619,qjmCVYkwP-HDa35jwYucbQ,Caters,false
620,qjmCVYkwP-HDa35jwYucbQ,Noise Level,average
621,qjmCVYkwP-HDa35jwYucbQ,Has TV,false
622,qjmCVYkwP-HDa35jwYucbQ,Wheelchair Accessible,true
623,qjmCVYkwP-HDa35jwYucbQ,Good For Groups,true
624,qjmCVYkwP-HDa35jwYucbQ,Outdoor Seating,true
625,qjmCVYkwP-HDa35jwYucbQ,Wi-Fi,no
626,r2DS-PqOMA35EssB47SWNg,Alcohol,none
627,r2DS-PqOMA35EssB47SWNg,Waiter Service,false
628,r2DS-PqOMA35EssB47SWNg,Delivery,false
629,r2DS-PqOMA35EssB47SWNg,Attire,casual
630,r2DS-PqOMA35EssB47SWNg,Good for Kids,true
631,r2DS-PqOMA35EssB47SWNg,Take-out,true
632,r2DS-PqOMA35EssB47SWNg,Accepts Credit Cards,true
633,r2DS-PqOMA35EssB47SWNg,Price Range,1
634,r2DS-PqOMA35EssB47SWNg,Caters,true
635,r2DS-PqOMA35EssB47SWNg,Noise Level,average
636,r2DS-PqOMA35EssB47SWNg,Has TV,false
637,r2DS-PqOMA35EssB47SWNg,Good For Groups,false
638,r2DS-PqOMA35EssB47SWNg,Outdoor Seating,true
639,r2DS-PqOMA35EssB47SWNg,Wi-Fi,free
640,07UqHgBkJ4Kach2sVT2FdQ,Accepts Credit Cards,true
641,Xqh9wCLzlt7ChkrV9BdR2Q,Alcohol,none
642,Xqh9wCLzlt7ChkrV9BdR2Q,Waiter Service,false
643,Xqh9wCLzlt7ChkrV9BdR2Q,Delivery,true
644,Xqh9wCLzlt7ChkrV9BdR2Q,Attire,casual
645,Xqh9wCLzlt7ChkrV9BdR2Q,Good for Kids,false
646,Xqh9wCLzlt7ChkrV9BdR2Q,Take-out,true
647,Xqh9wCLzlt7ChkrV9BdR2Q,Accepts Credit Cards,true
648,Xqh9wCLzlt7ChkrV9BdR2Q,Price Range,1
649,Xqh9wCLzlt7ChkrV9BdR2Q,Takes Reservations,false
650,Xqh9wCLzlt7ChkrV9BdR2Q,Wheelchair Accessible,false
651,Xqh9wCLzlt7ChkrV9BdR2Q,Good For Groups,false
652,Xqh9wCLzlt7ChkrV9BdR2Q,Outdoor Seating,false
653,Jje3kP5CNasYDSpH0NPRGQ,Alcohol,beer_and_wine
654,Jje3kP5CNasYDSpH0NPRGQ,Waiter Service,true
655,Jje3kP5CNasYDSpH0NPRGQ,Delivery,true
656,Jje3kP5CNasYDSpH0NPRGQ,Attire,casual
657,Jje3kP5CNasYDSpH0NPRGQ,Good for Kids,true
658,Jje3kP5CNasYDSpH0NPRGQ,Take-out,true
659,Jje3kP5CNasYDSpH0NPRGQ,Accepts Credit Cards,true
660,Jje3kP5CNasYDSpH0NPRGQ,Price Range,2
661,Jje3kP5CNasYDSpH0NPRGQ,Noise Level,average
662,Jje3kP5CNasYDSpH0NPRGQ,Has TV,true
663,Jje3kP5CNasYDSpH0NPRGQ,Wheelchair Accessible,true
664,Jje3kP5CNasYDSpH0NPRGQ,Good For Groups,true
665,Jje3kP5CNasYDSpH0NPRGQ,Outdoor Seating,true
666,Jje3kP5CNasYDSpH0NPRGQ,Wi-Fi,paid
667,k8B-ZZZezlXYLE7YC7FvQg,Accepts Credit Cards,true
668,vYTzbaemujdD4K4p18hNlw,By Appointment Only,true
669,zRxSXco0Fs42aPzR6rJSzw,By Appointment Only,true
670,zRxSXco0Fs42aPzR6rJSzw,Accepts Credit Cards,true
671,zRxSXco0Fs42aPzR6rJSzw,Price Range,2
672,y3V2jqKmvWjyo9Mc-Ipn4g,Alcohol,beer_and_wine
673,y3V2jqKmvWjyo9Mc-Ipn4g,Waiter Service,true
674,y3V2jqKmvWjyo9Mc-Ipn4g,Attire,casual
675,y3V2jqKmvWjyo9Mc-Ipn4g,Delivery,false
676,y3V2jqKmvWjyo9Mc-Ipn4g,Good for Kids,true
677,y3V2jqKmvWjyo9Mc-Ipn4g,Take-out,true
678,y3V2jqKmvWjyo9Mc-Ipn4g,Accepts Credit Cards,true
679,y3V2jqKmvWjyo9Mc-Ipn4g,Price Range,2
680,y3V2jqKmvWjyo9Mc-Ipn4g,Takes Reservations,true
681,y3V2jqKmvWjyo9Mc-Ipn4g,Noise Level,quiet
682,y3V2jqKmvWjyo9Mc-Ipn4g,Has TV,false
683,y3V2jqKmvWjyo9Mc-Ipn4g,Wheelchair Accessible,true
684,y3V2jqKmvWjyo9Mc-Ipn4g,Good For Groups,true
685,y3V2jqKmvWjyo9Mc-Ipn4g,Outdoor Seating,false
686,y3V2jqKmvWjyo9Mc-Ipn4g,Wi-Fi,no
687,y3V2jqKmvWjyo9Mc-Ipn4g,Good For Kids,true
688,R53UdKGf8uKUIqErS4vc0g,Waiter Service,false
689,R53UdKGf8uKUIqErS4vc0g,Attire,casual
690,R53UdKGf8uKUIqErS4vc0g,Delivery,false
691,R53UdKGf8uKUIqErS4vc0g,Good for Kids,false
692,R53UdKGf8uKUIqErS4vc0g,Wheelchair Accessible,true
693,R53UdKGf8uKUIqErS4vc0g,Good For Groups,false
694,R53UdKGf8uKUIqErS4vc0g,Take-out,true
695,R53UdKGf8uKUIqErS4vc0g,Price Range,1
696,R53UdKGf8uKUIqErS4vc0g,Outdoor Seating,true
697,R53UdKGf8uKUIqErS4vc0g,Takes Reservations,false
698,3RCa_Qq-j1yaySmdDvYwZw,By Appointment Only,true
699,7cP7WFmWiTVh-raIL3N_Vw,Coat Check,false
700,7cP7WFmWiTVh-raIL3N_Vw,Corkage,true
701,7cP7WFmWiTVh-raIL3N_Vw,Open 24 Hours,false
702,7cP7WFmWiTVh-raIL3N_Vw,Attire,casual
703,7cP7WFmWiTVh-raIL3N_Vw,Accepts Credit Cards,true
704,7cP7WFmWiTVh-raIL3N_Vw,Takes Reservations,false
705,7cP7WFmWiTVh-raIL3N_Vw,Order at Counter,true
706,7cP7WFmWiTVh-raIL3N_Vw,Smoking,outdoor
707,7cP7WFmWiTVh-raIL3N_Vw,Caters,false
708,7cP7WFmWiTVh-raIL3N_Vw,Outdoor Seating,false
709,7cP7WFmWiTVh-raIL3N_Vw,Wi-Fi,no
710,7cP7WFmWiTVh-raIL3N_Vw,Alcohol,beer_and_wine
711,7cP7WFmWiTVh-raIL3N_Vw,Waiter Service,true
712,7cP7WFmWiTVh-raIL3N_Vw,Delivery,false
713,7cP7WFmWiTVh-raIL3N_Vw,Happy Hour,true
714,7cP7WFmWiTVh-raIL3N_Vw,Good for Kids,false
715,7cP7WFmWiTVh-raIL3N_Vw,Take-out,false
716,7cP7WFmWiTVh-raIL3N_Vw,Price Range,2
717,7cP7WFmWiTVh-raIL3N_Vw,BYOB,false
718,7cP7WFmWiTVh-raIL3N_Vw,Noise Level,average
719,7cP7WFmWiTVh-raIL3N_Vw,Has TV,false
720,7cP7WFmWiTVh-raIL3N_Vw,Wheelchair Accessible,true
721,7cP7WFmWiTVh-raIL3N_Vw,BYOB/Corkage,no
722,7cP7WFmWiTVh-raIL3N_Vw,Good For Groups,false
723,7cP7WFmWiTVh-raIL3N_Vw,Good For Dancing,false
724,7cP7WFmWiTVh-raIL3N_Vw,Good For Kids,false
725,ElEF5b3n27IBzbA4R-1M1g,Waiter Service,false
726,ElEF5b3n27IBzbA4R-1M1g,Attire,casual
727,ElEF5b3n27IBzbA4R-1M1g,Take-out,true
728,ElEF5b3n27IBzbA4R-1M1g,Accepts Credit Cards,true
729,ElEF5b3n27IBzbA4R-1M1g,Price Range,2
730,ElEF5b3n27IBzbA4R-1M1g,Takes Reservations,false
731,W3VsNhHLMRj5ABMdMcpaUw,Alcohol,beer_and_wine
732,W3VsNhHLMRj5ABMdMcpaUw,Waiter Service,false
733,W3VsNhHLMRj5ABMdMcpaUw,Delivery,false
734,W3VsNhHLMRj5ABMdMcpaUw,Attire,formal
735,W3VsNhHLMRj5ABMdMcpaUw,Good for Kids,false
736,W3VsNhHLMRj5ABMdMcpaUw,Dogs Allowed,true
737,W3VsNhHLMRj5ABMdMcpaUw,Take-out,false
738,W3VsNhHLMRj5ABMdMcpaUw,Accepts Credit Cards,true
739,W3VsNhHLMRj5ABMdMcpaUw,Price Range,2
740,W3VsNhHLMRj5ABMdMcpaUw,Takes Reservations,false
741,W3VsNhHLMRj5ABMdMcpaUw,Noise Level,quiet
742,W3VsNhHLMRj5ABMdMcpaUw,Has TV,false
743,W3VsNhHLMRj5ABMdMcpaUw,Wheelchair Accessible,true
744,W3VsNhHLMRj5ABMdMcpaUw,Good For Groups,false
745,W3VsNhHLMRj5ABMdMcpaUw,Outdoor Seating,true
746,W3VsNhHLMRj5ABMdMcpaUw,Wi-Fi,free
747,U7KGTH26f4uyKXCHt4A4cw,By Appointment Only,false
748,U7KGTH26f4uyKXCHt4A4cw,Accepts Credit Cards,true
749,U7KGTH26f4uyKXCHt4A4cw,Price Range,2
750,VVxzmzGoRbjVV7P5bQcLfg,Price Range,2
751,gocKJln2Icy2IyCunB1eOA,Wheelchair Accessible,true
752,gocKJln2Icy2IyCunB1eOA,Accepts Credit Cards,true
753,gocKJln2Icy2IyCunB1eOA,Price Range,2
754,ZXlO9S1MG2I-L5uLSF-nPA,Alcohol,full_bar
755,ZXlO9S1MG2I-L5uLSF-nPA,Waiter Service,true
756,ZXlO9S1MG2I-L5uLSF-nPA,Delivery,true
757,ZXlO9S1MG2I-L5uLSF-nPA,Attire,casual
758,ZXlO9S1MG2I-L5uLSF-nPA,Good for Kids,false
759,ZXlO9S1MG2I-L5uLSF-nPA,Accepts Credit Cards,true
760,ZXlO9S1MG2I-L5uLSF-nPA,Price Range,2
761,ZXlO9S1MG2I-L5uLSF-nPA,Takes Reservations,false
762,ZXlO9S1MG2I-L5uLSF-nPA,Wheelchair Accessible,true
763,ZXlO9S1MG2I-L5uLSF-nPA,Good For Groups,true
764,ZXlO9S1MG2I-L5uLSF-nPA,Outdoor Seating,true
765,ZXlO9S1MG2I-L5uLSF-nPA,Good For Kids,false
766,-x_jL2OCWPdObGTOwIpN4w,Wheelchair Accessible,true
767,-x_jL2OCWPdObGTOwIpN4w,Accepts Credit Cards,true
768,-x_jL2OCWPdObGTOwIpN4w,Outdoor Seating,true
769,-x_jL2OCWPdObGTOwIpN4w,Price Range,1
770,-x_jL2OCWPdObGTOwIpN4w,Wi-Fi,free
771,7KCLeDNdFDkdoA6MUavxwQ,Alcohol,full_bar
772,7KCLeDNdFDkdoA6MUavxwQ,Waiter Service,true
773,7KCLeDNdFDkdoA6MUavxwQ,Delivery,false
774,7KCLeDNdFDkdoA6MUavxwQ,Attire,casual
775,7KCLeDNdFDkdoA6MUavxwQ,Good for Kids,true
776,7KCLeDNdFDkdoA6MUavxwQ,Take-out,true
777,7KCLeDNdFDkdoA6MUavxwQ,Accepts Credit Cards,true
778,7KCLeDNdFDkdoA6MUavxwQ,Price Range,2
779,7KCLeDNdFDkdoA6MUavxwQ,Takes Reservations,true
780,7KCLeDNdFDkdoA6MUavxwQ,Noise Level,average
781,7KCLeDNdFDkdoA6MUavxwQ,Has TV,true
782,7KCLeDNdFDkdoA6MUavxwQ,Wheelchair Accessible,true
783,7KCLeDNdFDkdoA6MUavxwQ,Good For Groups,true
784,7KCLeDNdFDkdoA6MUavxwQ,Outdoor Seating,false
785,2kZiyGqzB5Lnc0cZgHCOfw,Good for Kids,false
786,Zk584MLn3STVm1ZXpABSmA,Attire,casual
787,Zk584MLn3STVm1ZXpABSmA,Delivery,false
788,Zk584MLn3STVm1ZXpABSmA,Noise Level,average
789,Zk584MLn3STVm1ZXpABSmA,Has TV,true
790,Zk584MLn3STVm1ZXpABSmA,Take-out,true
791,Zk584MLn3STVm1ZXpABSmA,Accepts Credit Cards,true
792,Zk584MLn3STVm1ZXpABSmA,Price Range,1
793,Zk584MLn3STVm1ZXpABSmA,Outdoor Seating,false
794,Zk584MLn3STVm1ZXpABSmA,Takes Reservations,false
795,Zk584MLn3STVm1ZXpABSmA,Wi-Fi,no
796,y6uO4ydAwBHUujfiSktxZg,Alcohol,full_bar
797,y6uO4ydAwBHUujfiSktxZg,Waiter Service,true
798,y6uO4ydAwBHUujfiSktxZg,Attire,casual
799,y6uO4ydAwBHUujfiSktxZg,Delivery,false
800,y6uO4ydAwBHUujfiSktxZg,Good for Kids,true
801,y6uO4ydAwBHUujfiSktxZg,Take-out,true
802,y6uO4ydAwBHUujfiSktxZg,Accepts Credit Cards,true
803,y6uO4ydAwBHUujfiSktxZg,Price Range,2
804,y6uO4ydAwBHUujfiSktxZg,Takes Reservations,false
805,y6uO4ydAwBHUujfiSktxZg,Caters,true
806,y6uO4ydAwBHUujfiSktxZg,Noise Level,average
807,y6uO4ydAwBHUujfiSktxZg,Has TV,true
808,y6uO4ydAwBHUujfiSktxZg,Wheelchair Accessible,true
809,y6uO4ydAwBHUujfiSktxZg,Good For Groups,true
810,y6uO4ydAwBHUujfiSktxZg,Outdoor Seating,true
811,y6uO4ydAwBHUujfiSktxZg,Wi-Fi,no
812,uaL1-3F-L-BbgQalu8GVSw,Accepts Credit Cards,true
813,uaL1-3F-L-BbgQalu8GVSw,Price Range,1
814,LibQv6uJiktJh7U3beNA2g,Corkage,false
815,LibQv6uJiktJh7U3beNA2g,Alcohol,full_bar
816,LibQv6uJiktJh7U3beNA2g,Waiter Service,true
817,LibQv6uJiktJh7U3beNA2g,Delivery,false
818,LibQv6uJiktJh7U3beNA2g,Attire,casual
819,LibQv6uJiktJh7U3beNA2g,Good for Kids,true
820,LibQv6uJiktJh7U3beNA2g,Take-out,true
821,LibQv6uJiktJh7U3beNA2g,Accepts Credit Cards,true
822,LibQv6uJiktJh7U3beNA2g,Price Range,2
823,LibQv6uJiktJh7U3beNA2g,Takes Reservations,false
824,LibQv6uJiktJh7U3beNA2g,BYOB,false
825,LibQv6uJiktJh7U3beNA2g,BYOB/Corkage,yes_free
826,LibQv6uJiktJh7U3beNA2g,Wheelchair Accessible,true
827,LibQv6uJiktJh7U3beNA2g,Good For Groups,true
828,LibQv6uJiktJh7U3beNA2g,Outdoor Seating,false
829,LibQv6uJiktJh7U3beNA2g,Good For Kids,true
830,iZdynPTpKwbX5O3uLeC9Gg,Alcohol,none
831,iZdynPTpKwbX5O3uLeC9Gg,Waiter Service,false
832,iZdynPTpKwbX5O3uLeC9Gg,Delivery,false
833,iZdynPTpKwbX5O3uLeC9Gg,Attire,casual
834,iZdynPTpKwbX5O3uLeC9Gg,Good for Kids,true
835,iZdynPTpKwbX5O3uLeC9Gg,Take-out,true
836,iZdynPTpKwbX5O3uLeC9Gg,Accepts Credit Cards,true
837,iZdynPTpKwbX5O3uLeC9Gg,Price Range,1
838,iZdynPTpKwbX5O3uLeC9Gg,Takes Reservations,false
839,iZdynPTpKwbX5O3uLeC9Gg,Noise Level,quiet
840,iZdynPTpKwbX5O3uLeC9Gg,Has TV,true
841,iZdynPTpKwbX5O3uLeC9Gg,Good For Groups,true
842,iZdynPTpKwbX5O3uLeC9Gg,Outdoor Seating,true
843,NliiPZFKgFIRb34Qb_H-TA,By Appointment Only,false
844,NliiPZFKgFIRb34Qb_H-TA,Accepts Credit Cards,true
845,NliiPZFKgFIRb34Qb_H-TA,Price Range,2
846,tA2DT7CGQPzgA6tTcTkXDw,Coat Check,false
847,tA2DT7CGQPzgA6tTcTkXDw,Alcohol,full_bar
848,tA2DT7CGQPzgA6tTcTkXDw,Waiter Service,true
849,tA2DT7CGQPzgA6tTcTkXDw,Attire,casual
850,tA2DT7CGQPzgA6tTcTkXDw,Delivery,false
851,tA2DT7CGQPzgA6tTcTkXDw,Happy Hour,true
852,tA2DT7CGQPzgA6tTcTkXDw,Good for Kids,false
853,tA2DT7CGQPzgA6tTcTkXDw,Take-out,true
854,tA2DT7CGQPzgA6tTcTkXDw,Accepts Credit Cards,true
855,tA2DT7CGQPzgA6tTcTkXDw,Price Range,2
856,tA2DT7CGQPzgA6tTcTkXDw,Takes Reservations,true
857,tA2DT7CGQPzgA6tTcTkXDw,Smoking,outdoor
858,tA2DT7CGQPzgA6tTcTkXDw,Noise Level,average
859,tA2DT7CGQPzgA6tTcTkXDw,Wheelchair Accessible,true
860,tA2DT7CGQPzgA6tTcTkXDw,Good For Groups,true
861,tA2DT7CGQPzgA6tTcTkXDw,Outdoor Seating,true
862,tA2DT7CGQPzgA6tTcTkXDw,Wi-Fi,free
863,tA2DT7CGQPzgA6tTcTkXDw,Good For Dancing,false
864,q7w9tokdouwt0vEEzsRqxg,Accepts Credit Cards,true
865,q7w9tokdouwt0vEEzsRqxg,Price Range,1
866,q7w9tokdouwt0vEEzsRqxg,Wi-Fi,paid
867,UPbkeVTJR6C-1I7sCuUrmw,Waiter Service,true
868,UPbkeVTJR6C-1I7sCuUrmw,Delivery,true
869,UPbkeVTJR6C-1I7sCuUrmw,Attire,casual
870,UPbkeVTJR6C-1I7sCuUrmw,Good for Kids,true
871,UPbkeVTJR6C-1I7sCuUrmw,Take-out,true
872,UPbkeVTJR6C-1I7sCuUrmw,Accepts Credit Cards,true
873,UPbkeVTJR6C-1I7sCuUrmw,Price Range,1
874,UPbkeVTJR6C-1I7sCuUrmw,Takes Reservations,false
875,UPbkeVTJR6C-1I7sCuUrmw,Noise Level,very_loud
876,UPbkeVTJR6C-1I7sCuUrmw,Wheelchair Accessible,true
877,UPbkeVTJR6C-1I7sCuUrmw,Good For Groups,true
878,UPbkeVTJR6C-1I7sCuUrmw,Outdoor Seating,true
879,E_8a66uqjHXsvb4tdGnkXA,Accepts Credit Cards,true
880,E_8a66uqjHXsvb4tdGnkXA,Price Range,3
881,E_8a66uqjHXsvb4tdGnkXA,Wi-Fi,free
882,yMUVflS-2SnOGafXmdHy6w,Alcohol,none
883,yMUVflS-2SnOGafXmdHy6w,Waiter Service,true
884,yMUVflS-2SnOGafXmdHy6w,Attire,casual
885,yMUVflS-2SnOGafXmdHy6w,Delivery,false
886,yMUVflS-2SnOGafXmdHy6w,Good for Kids,true
887,yMUVflS-2SnOGafXmdHy6w,Take-out,true
888,yMUVflS-2SnOGafXmdHy6w,Accepts Credit Cards,true
889,yMUVflS-2SnOGafXmdHy6w,Price Range,1
890,yMUVflS-2SnOGafXmdHy6w,Takes Reservations,false
891,yMUVflS-2SnOGafXmdHy6w,Caters,false
892,yMUVflS-2SnOGafXmdHy6w,Noise Level,average
893,yMUVflS-2SnOGafXmdHy6w,Has TV,false
894,yMUVflS-2SnOGafXmdHy6w,Wheelchair Accessible,true
895,yMUVflS-2SnOGafXmdHy6w,Good For Groups,true
896,yMUVflS-2SnOGafXmdHy6w,Outdoor Seating,false
897,yMUVflS-2SnOGafXmdHy6w,Wi-Fi,no
898,5kW3gHsqag1WD6Z1_HD54Q,Wheelchair Accessible,true
899,5kW3gHsqag1WD6Z1_HD54Q,Accepts Credit Cards,true
900,5kW3gHsqag1WD6Z1_HD54Q,Outdoor Seating,true
901,5kW3gHsqag1WD6Z1_HD54Q,Price Range,2
902,5kW3gHsqag1WD6Z1_HD54Q,Wi-Fi,free
903,wqLEZpKy3qfE372OPAB4Pg,Alcohol,none
904,wqLEZpKy3qfE372OPAB4Pg,Waiter Service,false
905,wqLEZpKy3qfE372OPAB4Pg,Take-out,true
906,LzreyGNkVTYw4JFuSxWstA,Alcohol,none
907,LzreyGNkVTYw4JFuSxWstA,Waiter Service,true
908,LzreyGNkVTYw4JFuSxWstA,Good for Kids,true
909,LzreyGNkVTYw4JFuSxWstA,Noise Level,quiet
910,LzreyGNkVTYw4JFuSxWstA,Has TV,true
911,LzreyGNkVTYw4JFuSxWstA,Good For Groups,true
912,LzreyGNkVTYw4JFuSxWstA,Accepts Credit Cards,true
913,LzreyGNkVTYw4JFuSxWstA,Price Range,1
914,NleiJA9dpfKjhxe0cCD1MA,Waiter Service,true
915,NleiJA9dpfKjhxe0cCD1MA,Attire,dressy
916,NleiJA9dpfKjhxe0cCD1MA,Happy Hour,true
917,NleiJA9dpfKjhxe0cCD1MA,Delivery,false
918,NleiJA9dpfKjhxe0cCD1MA,Good for Kids,false
919,NleiJA9dpfKjhxe0cCD1MA,Wheelchair Accessible,true
920,NleiJA9dpfKjhxe0cCD1MA,Good For Groups,false
921,NleiJA9dpfKjhxe0cCD1MA,Accepts Credit Cards,true
922,NleiJA9dpfKjhxe0cCD1MA,Price Range,2
923,NleiJA9dpfKjhxe0cCD1MA,Outdoor Seating,true
924,m2N5lcfXv5I2TVcXcMTtOw,Good for Kids,false
925,2e1jzfiHFGCRpV66gYNVbA,Wheelchair Accessible,true
926,2e1jzfiHFGCRpV66gYNVbA,Accepts Credit Cards,true
927,2e1jzfiHFGCRpV66gYNVbA,Price Range,3
928,L9UYbtAUOcfTgZFimehlXw,Alcohol,beer_and_wine
929,L9UYbtAUOcfTgZFimehlXw,Waiter Service,true
930,L9UYbtAUOcfTgZFimehlXw,Attire,casual
931,L9UYbtAUOcfTgZFimehlXw,Delivery,false
932,L9UYbtAUOcfTgZFimehlXw,Good for Kids,true
933,L9UYbtAUOcfTgZFimehlXw,Take-out,true
934,L9UYbtAUOcfTgZFimehlXw,Accepts Credit Cards,true
935,L9UYbtAUOcfTgZFimehlXw,Price Range,2
936,L9UYbtAUOcfTgZFimehlXw,Takes Reservations,false
937,L9UYbtAUOcfTgZFimehlXw,Caters,false
938,L9UYbtAUOcfTgZFimehlXw,Noise Level,average
939,L9UYbtAUOcfTgZFimehlXw,Has TV,false
940,L9UYbtAUOcfTgZFimehlXw,Wheelchair Accessible,true
941,L9UYbtAUOcfTgZFimehlXw,Good For Groups,true
942,L9UYbtAUOcfTgZFimehlXw,Outdoor Seating,true
943,L9UYbtAUOcfTgZFimehlXw,Wi-Fi,free
944,Lw5HqHiaH8Xag5rIF6nDsw,By Appointment Only,true
945,Lw5HqHiaH8Xag5rIF6nDsw,Wheelchair Accessible,true
946,Lw5HqHiaH8Xag5rIF6nDsw,Accepts Credit Cards,true
947,Lw5HqHiaH8Xag5rIF6nDsw,Price Range,2
948,WEUgyNNslbwhqYgku8Gt3Q,Alcohol,full_bar
949,WEUgyNNslbwhqYgku8Gt3Q,Waiter Service,true
950,WEUgyNNslbwhqYgku8Gt3Q,Delivery,false
951,WEUgyNNslbwhqYgku8Gt3Q,Attire,casual
952,WEUgyNNslbwhqYgku8Gt3Q,Good for Kids,true
953,WEUgyNNslbwhqYgku8Gt3Q,Take-out,true
954,WEUgyNNslbwhqYgku8Gt3Q,Accepts Credit Cards,true
955,WEUgyNNslbwhqYgku8Gt3Q,Price Range,2
956,WEUgyNNslbwhqYgku8Gt3Q,Takes Reservations,true
957,WEUgyNNslbwhqYgku8Gt3Q,Noise Level,average
958,WEUgyNNslbwhqYgku8Gt3Q,Has TV,true
959,WEUgyNNslbwhqYgku8Gt3Q,Good For Groups,true
960,WEUgyNNslbwhqYgku8Gt3Q,Outdoor Seating,true
961,WEUgyNNslbwhqYgku8Gt3Q,Wi-Fi,free
962,5wefpQ4OhJ4srP6j1vLTWw,By Appointment Only,false
963,5wefpQ4OhJ4srP6j1vLTWw,Wheelchair Accessible,true
964,5wefpQ4OhJ4srP6j1vLTWw,Accepts Credit Cards,true
965,5wefpQ4OhJ4srP6j1vLTWw,Price Range,3
966,JyqLejwP2CJ4KqdG9fOxDg,Accepts Credit Cards,true
967,JyqLejwP2CJ4KqdG9fOxDg,Price Range,1
968,JyqLejwP2CJ4KqdG9fOxDg,Outdoor Seating,true
969,JyqLejwP2CJ4KqdG9fOxDg,Wi-Fi,free
970,ealuKGLqWQ8VsOU12hq4sA,Alcohol,none
971,ealuKGLqWQ8VsOU12hq4sA,Waiter Service,false
972,ealuKGLqWQ8VsOU12hq4sA,Delivery,true
973,ealuKGLqWQ8VsOU12hq4sA,Attire,casual
974,ealuKGLqWQ8VsOU12hq4sA,Good for Kids,true
975,ealuKGLqWQ8VsOU12hq4sA,Take-out,true
976,ealuKGLqWQ8VsOU12hq4sA,Accepts Credit Cards,true
977,ealuKGLqWQ8VsOU12hq4sA,Price Range,2
978,ealuKGLqWQ8VsOU12hq4sA,Takes Reservations,false
979,ealuKGLqWQ8VsOU12hq4sA,Noise Level,loud
980,ealuKGLqWQ8VsOU12hq4sA,Has TV,true
981,ealuKGLqWQ8VsOU12hq4sA,Good For Groups,true
982,ealuKGLqWQ8VsOU12hq4sA,Outdoor Seating,true
983,Sodko0hlMg7F5doNJGKcWQ,Alcohol,full_bar
984,Sodko0hlMg7F5doNJGKcWQ,Waiter Service,true
985,Sodko0hlMg7F5doNJGKcWQ,Delivery,false
986,Sodko0hlMg7F5doNJGKcWQ,Attire,casual
987,Sodko0hlMg7F5doNJGKcWQ,Good for Kids,true
988,Sodko0hlMg7F5doNJGKcWQ,Take-out,true
989,Sodko0hlMg7F5doNJGKcWQ,Accepts Credit Cards,true
990,Sodko0hlMg7F5doNJGKcWQ,Price Range,2
991,Sodko0hlMg7F5doNJGKcWQ,Takes Reservations,true
992,Sodko0hlMg7F5doNJGKcWQ,Noise Level,average
993,Sodko0hlMg7F5doNJGKcWQ,Wheelchair Accessible,true
994,Sodko0hlMg7F5doNJGKcWQ,Good For Groups,true
995,Sodko0hlMg7F5doNJGKcWQ,Outdoor Seating,false
996,mBM3e0DHU9T2r_mfojSciQ,Price Range,2
997,4dAvlk4JufJKX3bYB6YLCQ,Accepts Credit Cards,true
998,4dAvlk4JufJKX3bYB6YLCQ,Price Range,2
999,4dAvlk4JufJKX3bYB6YLCQ,Outdoor Seating,true
