"business_id","day_of_week","opening_time_hours","closing_time_hours"
"O_X3PGhk3Y5JWVi866qlJg","Saturday","660","1080"
"O_X3PGhk3Y5JWVi866qlJg","Thursday","660","1080"
"O_X3PGhk3Y5JWVi866qlJg","Monday","660","1080"
"O_X3PGhk3Y5JWVi866qlJg","Tuesday","660","1080"
"O_X3PGhk3Y5JWVi866qlJg","Wednesday","660","1080"
"O_X3PGhk3Y5JWVi866qlJg","Friday","660","1080"
"O_X3PGhk3Y5JWVi866qlJg","Sunday","660","1080"
"7lbvsGKzhjuX3oJtaXJvOg","Saturday","600","1260"
"7lbvsGKzhjuX3oJtaXJvOg","Thursday","600","1260"
"7lbvsGKzhjuX3oJtaXJvOg","Monday","600","1260"
"7lbvsGKzhjuX3oJtaXJvOg","Tuesday","600","1260"
"7lbvsGKzhjuX3oJtaXJvOg","Wednesday","600","1260"
"7lbvsGKzhjuX3oJtaXJvOg","Friday","600","1260"
"7lbvsGKzhjuX3oJtaXJvOg","Sunday","660","1080"
"gjxoKVsRJwEoa8zd9XxlAw","Saturday","360","1140"
"gjxoKVsRJwEoa8zd9XxlAw","Thursday","360","1140"
"gjxoKVsRJwEoa8zd9XxlAw","Monday","360","1140"
"gjxoKVsRJwEoa8zd9XxlAw","Tuesday","360","1140"
"gjxoKVsRJwEoa8zd9XxlAw","Wednesday","360","1140"
"gjxoKVsRJwEoa8zd9XxlAw","Friday","360","1140"
"gjxoKVsRJwEoa8zd9XxlAw","Sunday","360","1140"
"ShUDf64NVkwCe8izdUbYuw","Saturday","360","360"
"ShUDf64NVkwCe8izdUbYuw","Thursday","360","360"
"ShUDf64NVkwCe8izdUbYuw","Monday","360","360"
"ShUDf64NVkwCe8izdUbYuw","Tuesday","360","360"
"ShUDf64NVkwCe8izdUbYuw","Wednesday","360","360"
"ShUDf64NVkwCe8izdUbYuw","Friday","360","360"
"ShUDf64NVkwCe8izdUbYuw","Sunday","1200","180"
"mQfT3JYu18HN22DVylcE7A","Saturday","480","870"
"mQfT3JYu18HN22DVylcE7A","Thursday","450","930"
"mQfT3JYu18HN22DVylcE7A","Monday","450","930"
"mQfT3JYu18HN22DVylcE7A","Tuesday","450","930"
"mQfT3JYu18HN22DVylcE7A","Wednesday","450","930"
"mQfT3JYu18HN22DVylcE7A","Friday","450","930"
"cqXv3w9Mf-aVi4PPRspfFQ","Saturday","600","1140"
"cqXv3w9Mf-aVi4PPRspfFQ","Thursday","600","1140"
"cqXv3w9Mf-aVi4PPRspfFQ","Monday","600","1140"
"cqXv3w9Mf-aVi4PPRspfFQ","Tuesday","600","1140"
"cqXv3w9Mf-aVi4PPRspfFQ","Wednesday","600","1140"
"cqXv3w9Mf-aVi4PPRspfFQ","Friday","600","1140"
"cqXv3w9Mf-aVi4PPRspfFQ","Sunday","660","1020"
"MiVcQsXp3TYUmeD7FSa-hA","Saturday","660","900"
"MiVcQsXp3TYUmeD7FSa-hA","Thursday","480","960"
"MiVcQsXp3TYUmeD7FSa-hA","Monday","480","960"
"MiVcQsXp3TYUmeD7FSa-hA","Tuesday","480","960"
"MiVcQsXp3TYUmeD7FSa-hA","Wednesday","480","960"
"MiVcQsXp3TYUmeD7FSa-hA","Friday","480","960"
"2agDSZF593OlXDj7SZtVxw","Saturday","540","1020"
"2agDSZF593OlXDj7SZtVxw","Thursday","540","1140"
"2agDSZF593OlXDj7SZtVxw","Monday","540","1080"
"2agDSZF593OlXDj7SZtVxw","Tuesday","540","1140"
"2agDSZF593OlXDj7SZtVxw","Wednesday","540","840"
"2agDSZF593OlXDj7SZtVxw","Friday","540","840"
"ClluhYAaVzuoha89uJmr7g","Saturday","480","1080"
"ClluhYAaVzuoha89uJmr7g","Thursday","420","1200"
"ClluhYAaVzuoha89uJmr7g","Monday","420","1200"
"ClluhYAaVzuoha89uJmr7g","Tuesday","420","1200"
"ClluhYAaVzuoha89uJmr7g","Wednesday","420","1200"
"ClluhYAaVzuoha89uJmr7g","Friday","420","1200"
"ClluhYAaVzuoha89uJmr7g","Sunday","600","960"
"6fvsIZmmecvphJDiuDFR9w","Saturday","540","1260"
"6fvsIZmmecvphJDiuDFR9w","Thursday","540","1260"
"6fvsIZmmecvphJDiuDFR9w","Monday","540","1260"
"6fvsIZmmecvphJDiuDFR9w","Tuesday","540","1260"
"6fvsIZmmecvphJDiuDFR9w","Wednesday","540","1260"
"6fvsIZmmecvphJDiuDFR9w","Friday","540","1260"
"6fvsIZmmecvphJDiuDFR9w","Sunday","600","1080"
"6zXaBSWYQThXT5z9IDY8lw","Saturday","600","1140"
"6zXaBSWYQThXT5z9IDY8lw","Thursday","600","1140"
"6zXaBSWYQThXT5z9IDY8lw","Monday","600","1140"
"6zXaBSWYQThXT5z9IDY8lw","Tuesday","600","1140"
"6zXaBSWYQThXT5z9IDY8lw","Wednesday","600","1140"
"6zXaBSWYQThXT5z9IDY8lw","Friday","600","1140"
"6zXaBSWYQThXT5z9IDY8lw","Sunday","660","960"
"W0eocyGliMbg8NScqERaiA","Saturday","540","960"
"W0eocyGliMbg8NScqERaiA","Thursday","960","60"
"W0eocyGliMbg8NScqERaiA","Tuesday","960","1320"
"W0eocyGliMbg8NScqERaiA","Wednesday","960","0"
"W0eocyGliMbg8NScqERaiA","Friday","960","120"
"W0eocyGliMbg8NScqERaiA","Sunday","540","1080"
"J8T6Fu7RSczrflZ5rC6wvQ","Saturday","360","330"
"J8T6Fu7RSczrflZ5rC6wvQ","Thursday","360","330"
"J8T6Fu7RSczrflZ5rC6wvQ","Monday","360","330"
"J8T6Fu7RSczrflZ5rC6wvQ","Tuesday","360","330"
"J8T6Fu7RSczrflZ5rC6wvQ","Wednesday","360","330"
"J8T6Fu7RSczrflZ5rC6wvQ","Friday","360","330"
"J8T6Fu7RSczrflZ5rC6wvQ","Sunday","360","330"
"sbD4f8aOsXZ6PJYh1kN4Ag","Saturday","660","1260"
"sbD4f8aOsXZ6PJYh1kN4Ag","Thursday","660","1260"
"sbD4f8aOsXZ6PJYh1kN4Ag","Monday","660","1260"
"sbD4f8aOsXZ6PJYh1kN4Ag","Tuesday","660","1260"
"sbD4f8aOsXZ6PJYh1kN4Ag","Wednesday","660","1260"
"sbD4f8aOsXZ6PJYh1kN4Ag","Friday","660","1260"
"sbD4f8aOsXZ6PJYh1kN4Ag","Sunday","660","1080"
"nV_7lAYFVISEs-Te4e39gA","Saturday","600","1020"
"nV_7lAYFVISEs-Te4e39gA","Thursday","540","1050"
"nV_7lAYFVISEs-Te4e39gA","Monday","540","1050"
"nV_7lAYFVISEs-Te4e39gA","Tuesday","540","1050"
"nV_7lAYFVISEs-Te4e39gA","Wednesday","540","1050"
"nV_7lAYFVISEs-Te4e39gA","Friday","540","1050"
"HfWkdqxegjiGEXzI8j7Wwg","Saturday","0","0"
"HfWkdqxegjiGEXzI8j7Wwg","Thursday","0","0"
"HfWkdqxegjiGEXzI8j7Wwg","Monday","0","0"
"HfWkdqxegjiGEXzI8j7Wwg","Tuesday","0","0"
"HfWkdqxegjiGEXzI8j7Wwg","Wednesday","0","0"
"HfWkdqxegjiGEXzI8j7Wwg","Friday","0","0"
"HfWkdqxegjiGEXzI8j7Wwg","Sunday","0","0"
"2KAOVu8cloYC7xC6IGFGIQ","Saturday","540","840"
"2KAOVu8cloYC7xC6IGFGIQ","Thursday","480","1080"
"2KAOVu8cloYC7xC6IGFGIQ","Monday","480","1080"
"2KAOVu8cloYC7xC6IGFGIQ","Tuesday","480","1080"
"2KAOVu8cloYC7xC6IGFGIQ","Wednesday","480","1080"
"2KAOVu8cloYC7xC6IGFGIQ","Friday","480","1080"
"h3suimHlSVRu9V_AJxbbGw","Saturday","570","1260"
"h3suimHlSVRu9V_AJxbbGw","Thursday","570","1260"
"h3suimHlSVRu9V_AJxbbGw","Monday","570","1260"
"h3suimHlSVRu9V_AJxbbGw","Tuesday","570","1260"
"h3suimHlSVRu9V_AJxbbGw","Wednesday","570","1260"
"h3suimHlSVRu9V_AJxbbGw","Friday","570","1260"
"h3suimHlSVRu9V_AJxbbGw","Sunday","600","1140"
"-tNGtyL1Tx20Od4npKkdcg","Saturday","600","1080"
"-tNGtyL1Tx20Od4npKkdcg","Thursday","600","1080"
"-tNGtyL1Tx20Od4npKkdcg","Monday","600","1080"
"-tNGtyL1Tx20Od4npKkdcg","Tuesday","600","1080"
"-tNGtyL1Tx20Od4npKkdcg","Wednesday","600","1080"
"-tNGtyL1Tx20Od4npKkdcg","Friday","600","1080"
"-tNGtyL1Tx20Od4npKkdcg","Sunday","720","1020"
"RxYntP8Gsu9hH6gtGjQGVw","Saturday","600","1260"
"RxYntP8Gsu9hH6gtGjQGVw","Thursday","600","1260"
"RxYntP8Gsu9hH6gtGjQGVw","Monday","600","1260"
"RxYntP8Gsu9hH6gtGjQGVw","Tuesday","600","1260"
"RxYntP8Gsu9hH6gtGjQGVw","Wednesday","600","1260"
"RxYntP8Gsu9hH6gtGjQGVw","Friday","600","1260"
"RxYntP8Gsu9hH6gtGjQGVw","Sunday","600","960"
"CqhsIZ7TzCfJTrZqg5-gqQ","Saturday","660","120"
"CqhsIZ7TzCfJTrZqg5-gqQ","Thursday","660","120"
"CqhsIZ7TzCfJTrZqg5-gqQ","Monday","660","120"
"CqhsIZ7TzCfJTrZqg5-gqQ","Tuesday","660","120"
"CqhsIZ7TzCfJTrZqg5-gqQ","Wednesday","660","120"
"CqhsIZ7TzCfJTrZqg5-gqQ","Friday","660","120"
"CqhsIZ7TzCfJTrZqg5-gqQ","Sunday","660","120"
"_yGo2ubkwQPXcKrdcURSNw","Saturday","0","0"
"_yGo2ubkwQPXcKrdcURSNw","Thursday","0","0"
"_yGo2ubkwQPXcKrdcURSNw","Monday","0","0"
"_yGo2ubkwQPXcKrdcURSNw","Tuesday","0","0"
"_yGo2ubkwQPXcKrdcURSNw","Wednesday","0","0"
"_yGo2ubkwQPXcKrdcURSNw","Friday","0","0"
"_yGo2ubkwQPXcKrdcURSNw","Sunday","0","0"
"ChmqODwuYP1ewjmWXtxtsg","Saturday","660","1290"
"ChmqODwuYP1ewjmWXtxtsg","Thursday","660","1260"
"ChmqODwuYP1ewjmWXtxtsg","Monday","660","1260"
"ChmqODwuYP1ewjmWXtxtsg","Tuesday","660","1260"
"ChmqODwuYP1ewjmWXtxtsg","Wednesday","660","1260"
"ChmqODwuYP1ewjmWXtxtsg","Friday","660","1290"
"ChmqODwuYP1ewjmWXtxtsg","Sunday","660","1290"
"IW9yHeqnFCEbO5s1UCrqeA","Saturday","540","1110"
"IW9yHeqnFCEbO5s1UCrqeA","Thursday","540","1110"
"IW9yHeqnFCEbO5s1UCrqeA","Tuesday","540","1110"
"IW9yHeqnFCEbO5s1UCrqeA","Wednesday","540","1110"
"IW9yHeqnFCEbO5s1UCrqeA","Friday","540","1110"
"IW9yHeqnFCEbO5s1UCrqeA","Sunday","600","1080"
"2Bd3gy5lmINZ-2QxXVRLdA","Saturday","450","1200"
"2Bd3gy5lmINZ-2QxXVRLdA","Thursday","390","1140"
"2Bd3gy5lmINZ-2QxXVRLdA","Monday","390","1140"
"2Bd3gy5lmINZ-2QxXVRLdA","Tuesday","390","1140"
"2Bd3gy5lmINZ-2QxXVRLdA","Wednesday","390","1140"
"2Bd3gy5lmINZ-2QxXVRLdA","Friday","390","1200"
"2Bd3gy5lmINZ-2QxXVRLdA","Sunday","480","900"
"-KF9RQPkmIOHfE0tzUu9bg","Saturday","240","1320"
"-KF9RQPkmIOHfE0tzUu9bg","Thursday","240","1320"
"-KF9RQPkmIOHfE0tzUu9bg","Monday","240","1320"
"-KF9RQPkmIOHfE0tzUu9bg","Tuesday","240","1320"
"-KF9RQPkmIOHfE0tzUu9bg","Wednesday","240","1320"
"-KF9RQPkmIOHfE0tzUu9bg","Friday","240","1320"
"-KF9RQPkmIOHfE0tzUu9bg","Sunday","240","1320"
"6w_k3NCXF_p8UTWDxpOF5w","Saturday","660","1260"
"6w_k3NCXF_p8UTWDxpOF5w","Thursday","660","1260"
"6w_k3NCXF_p8UTWDxpOF5w","Monday","660","1260"
"6w_k3NCXF_p8UTWDxpOF5w","Tuesday","660","1260"
"6w_k3NCXF_p8UTWDxpOF5w","Wednesday","660","1260"
"6w_k3NCXF_p8UTWDxpOF5w","Friday","660","1260"
"6w_k3NCXF_p8UTWDxpOF5w","Sunday","660","1260"
"Atbyj1_dXFUDysgvGKMdbw","Saturday","540","1080"
"Atbyj1_dXFUDysgvGKMdbw","Thursday","540","1140"
"Atbyj1_dXFUDysgvGKMdbw","Monday","540","1140"
"Atbyj1_dXFUDysgvGKMdbw","Tuesday","540","1140"
"Atbyj1_dXFUDysgvGKMdbw","Wednesday","540","1140"
"Atbyj1_dXFUDysgvGKMdbw","Friday","540","1140"
"Atbyj1_dXFUDysgvGKMdbw","Sunday","660","1020"
"1zM7busmXUfYrbNiIHIcuw","Saturday","600","0"
"1zM7busmXUfYrbNiIHIcuw","Thursday","600","1320"
"1zM7busmXUfYrbNiIHIcuw","Monday","600","1320"
"1zM7busmXUfYrbNiIHIcuw","Tuesday","600","1320"
"1zM7busmXUfYrbNiIHIcuw","Wednesday","600","1320"
"1zM7busmXUfYrbNiIHIcuw","Friday","600","0"
"1zM7busmXUfYrbNiIHIcuw","Sunday","600","1320"
"MwIM3O0p8V_y2ttXz0_xGw","Thursday","420","960"
"MwIM3O0p8V_y2ttXz0_xGw","Monday","420","960"
"MwIM3O0p8V_y2ttXz0_xGw","Tuesday","420","960"
"MwIM3O0p8V_y2ttXz0_xGw","Wednesday","420","960"
"6QolvUp7cFFIWKRnJnh3GQ","Saturday","480","1200"
"6QolvUp7cFFIWKRnJnh3GQ","Thursday","360","1200"
"6QolvUp7cFFIWKRnJnh3GQ","Monday","360","1200"
"6QolvUp7cFFIWKRnJnh3GQ","Tuesday","360","1200"
"6QolvUp7cFFIWKRnJnh3GQ","Wednesday","360","1200"
"6QolvUp7cFFIWKRnJnh3GQ","Friday","420","1200"
"AZqwEahCRmVpyMm-OzueGQ","Saturday","540","1080"
"AZqwEahCRmVpyMm-OzueGQ","Thursday","540","1140"
"AZqwEahCRmVpyMm-OzueGQ","Monday","540","1140"
"AZqwEahCRmVpyMm-OzueGQ","Tuesday","540","1140"
"AZqwEahCRmVpyMm-OzueGQ","Wednesday","540","1140"
"AZqwEahCRmVpyMm-OzueGQ","Friday","540","1140"
"AZqwEahCRmVpyMm-OzueGQ","Sunday","600","1020"
"9ggd0DySEZNw990JGaFSQQ","Saturday","600","1260"
"9ggd0DySEZNw990JGaFSQQ","Thursday","600","1260"
"9ggd0DySEZNw990JGaFSQQ","Monday","600","1260"
"9ggd0DySEZNw990JGaFSQQ","Tuesday","600","1260"
"9ggd0DySEZNw990JGaFSQQ","Wednesday","600","1260"
"9ggd0DySEZNw990JGaFSQQ","Friday","600","1260"
"9ggd0DySEZNw990JGaFSQQ","Sunday","660","1080"
"lK408BRA42pDIwk89dxSVQ","Saturday","0","0"
"lK408BRA42pDIwk89dxSVQ","Thursday","0","0"
"lK408BRA42pDIwk89dxSVQ","Monday","0","0"
"lK408BRA42pDIwk89dxSVQ","Tuesday","0","0"
"lK408BRA42pDIwk89dxSVQ","Wednesday","0","0"
"lK408BRA42pDIwk89dxSVQ","Friday","0","0"
"lK408BRA42pDIwk89dxSVQ","Sunday","0","0"
"sSJeLgg3bQTR3vHkkJd9rQ","Saturday","600","1260"
"sSJeLgg3bQTR3vHkkJd9rQ","Thursday","600","1260"
"sSJeLgg3bQTR3vHkkJd9rQ","Monday","600","1260"
"sSJeLgg3bQTR3vHkkJd9rQ","Tuesday","600","1260"
"sSJeLgg3bQTR3vHkkJd9rQ","Wednesday","600","1260"
"sSJeLgg3bQTR3vHkkJd9rQ","Friday","600","1260"
"sSJeLgg3bQTR3vHkkJd9rQ","Sunday","660","1080"
"9nJi8n5l7ufJZ9PbhNJT8w","Saturday","360","1260"
"9nJi8n5l7ufJZ9PbhNJT8w","Thursday","360","1260"
"9nJi8n5l7ufJZ9PbhNJT8w","Monday","360","1260"
"9nJi8n5l7ufJZ9PbhNJT8w","Tuesday","360","1260"
"9nJi8n5l7ufJZ9PbhNJT8w","Wednesday","360","1260"
"9nJi8n5l7ufJZ9PbhNJT8w","Friday","360","1260"
"9nJi8n5l7ufJZ9PbhNJT8w","Sunday","480","1200"
"EeQlS9VLlfWT25-MeYsJTg","Saturday","600","1320"
"EeQlS9VLlfWT25-MeYsJTg","Thursday","600","1260"
"EeQlS9VLlfWT25-MeYsJTg","Monday","600","1260"
"EeQlS9VLlfWT25-MeYsJTg","Tuesday","600","1260"
"EeQlS9VLlfWT25-MeYsJTg","Wednesday","600","1260"
"EeQlS9VLlfWT25-MeYsJTg","Friday","600","1320"
"EeQlS9VLlfWT25-MeYsJTg","Sunday","660","1260"
"rwMuRGUUsXBYv8Wgiw1Qpw","Saturday","540","1020"
"rwMuRGUUsXBYv8Wgiw1Qpw","Thursday","540","1020"
"rwMuRGUUsXBYv8Wgiw1Qpw","Monday","540","1020"
"rwMuRGUUsXBYv8Wgiw1Qpw","Tuesday","540","1020"
"rwMuRGUUsXBYv8Wgiw1Qpw","Wednesday","540","1020"
"rwMuRGUUsXBYv8Wgiw1Qpw","Friday","540","1020"
"yC3ydbHAJTZ22FZp4LynFg","Saturday","510","0"
"yC3ydbHAJTZ22FZp4LynFg","Thursday","630","1200"
"yC3ydbHAJTZ22FZp4LynFg","Monday","630","1200"
"yC3ydbHAJTZ22FZp4LynFg","Tuesday","630","1200"
"yC3ydbHAJTZ22FZp4LynFg","Wednesday","630","1200"
"yC3ydbHAJTZ22FZp4LynFg","Friday","630","0"
"yC3ydbHAJTZ22FZp4LynFg","Sunday","510","1200"
"xEqfRXaHgX-SpiTyB66anQ","Saturday","480","960"
"xEqfRXaHgX-SpiTyB66anQ","Thursday","450","1050"
"xEqfRXaHgX-SpiTyB66anQ","Monday","450","1050"
"xEqfRXaHgX-SpiTyB66anQ","Tuesday","450","1050"
"xEqfRXaHgX-SpiTyB66anQ","Wednesday","450","1050"
"xEqfRXaHgX-SpiTyB66anQ","Friday","450","1050"
"vSFo-dxhQN9gWMaGdiNNFQ","Thursday","540","1050"
"vSFo-dxhQN9gWMaGdiNNFQ","Wednesday","540","1050"
"vSFo-dxhQN9gWMaGdiNNFQ","Friday","540","1050"
"fHssE8P0JYd4sEcMTR9WdQ","Thursday","540","1080"
"fHssE8P0JYd4sEcMTR9WdQ","Saturday","480","840"
"fHssE8P0JYd4sEcMTR9WdQ","Tuesday","540","1080"
"fHssE8P0JYd4sEcMTR9WdQ","Wednesday","540","1080"
"fHssE8P0JYd4sEcMTR9WdQ","Friday","480","1020"
"IWwt0vm8lYbVoyGSPd2Z9A","Saturday","420","1350"
"IWwt0vm8lYbVoyGSPd2Z9A","Thursday","420","1320"
"IWwt0vm8lYbVoyGSPd2Z9A","Monday","420","1320"
"IWwt0vm8lYbVoyGSPd2Z9A","Tuesday","420","1320"
"IWwt0vm8lYbVoyGSPd2Z9A","Wednesday","420","1320"
"IWwt0vm8lYbVoyGSPd2Z9A","Friday","420","1350"
"IWwt0vm8lYbVoyGSPd2Z9A","Sunday","420","1320"
"oxsCvEkQNNIbOPDt_QK_0A","Saturday","660","870"
"oxsCvEkQNNIbOPDt_QK_0A","Thursday","660","870"
"oxsCvEkQNNIbOPDt_QK_0A","Monday","660","870"
"oxsCvEkQNNIbOPDt_QK_0A","Tuesday","1020","1320"
"oxsCvEkQNNIbOPDt_QK_0A","Wednesday","660","870"
"oxsCvEkQNNIbOPDt_QK_0A","Friday","660","870"
"oxsCvEkQNNIbOPDt_QK_0A","Sunday","660","870"
"pSiR8m18iick2D7TFdmb-Q","Saturday","660","1290"
"pSiR8m18iick2D7TFdmb-Q","Thursday","660","1290"
"pSiR8m18iick2D7TFdmb-Q","Monday","660","1290"
"pSiR8m18iick2D7TFdmb-Q","Tuesday","660","1290"
"pSiR8m18iick2D7TFdmb-Q","Wednesday","660","1290"
"pSiR8m18iick2D7TFdmb-Q","Friday","660","1290"
"pSiR8m18iick2D7TFdmb-Q","Sunday","630","1260"
"-NrEcXQ0qioMwkRsgoq8Kw","Thursday","480","1020"
"-NrEcXQ0qioMwkRsgoq8Kw","Monday","480","1020"
"-NrEcXQ0qioMwkRsgoq8Kw","Tuesday","480","1020"
"-NrEcXQ0qioMwkRsgoq8Kw","Wednesday","480","1020"
"-NrEcXQ0qioMwkRsgoq8Kw","Friday","480","1020"
"iZpgRNPogioU5sEaDyl5uw","Saturday","660","1350"
"iZpgRNPogioU5sEaDyl5uw","Thursday","660","1290"
"iZpgRNPogioU5sEaDyl5uw","Monday","660","1290"
"iZpgRNPogioU5sEaDyl5uw","Tuesday","660","1290"
"iZpgRNPogioU5sEaDyl5uw","Wednesday","660","1290"
"iZpgRNPogioU5sEaDyl5uw","Friday","660","1350"
"iZpgRNPogioU5sEaDyl5uw","Sunday","660","1290"
"lLC7pJSpnF9CDfL9Gbg-Sg","Saturday","0","0"
"lLC7pJSpnF9CDfL9Gbg-Sg","Thursday","0","0"
"lLC7pJSpnF9CDfL9Gbg-Sg","Monday","0","0"
"lLC7pJSpnF9CDfL9Gbg-Sg","Tuesday","0","0"
"lLC7pJSpnF9CDfL9Gbg-Sg","Wednesday","0","0"
"lLC7pJSpnF9CDfL9Gbg-Sg","Friday","0","0"
"lLC7pJSpnF9CDfL9Gbg-Sg","Sunday","0","0"
"-_K8AE722c1u9Dsa8jo_vg","Saturday","540","900"
"-_K8AE722c1u9Dsa8jo_vg","Thursday","570","840"
"-_K8AE722c1u9Dsa8jo_vg","Monday","540","1020"
"-_K8AE722c1u9Dsa8jo_vg","Tuesday","570","840"
"-_K8AE722c1u9Dsa8jo_vg","Wednesday","570","840"
"-_K8AE722c1u9Dsa8jo_vg","Friday","570","840"
"-_K8AE722c1u9Dsa8jo_vg","Sunday","540","1020"
"Cr2JNnewX53TYd9w6qw6Jw","Saturday","630","1320"
"Cr2JNnewX53TYd9w6qw6Jw","Thursday","630","1260"
"Cr2JNnewX53TYd9w6qw6Jw","Monday","630","1260"
"Cr2JNnewX53TYd9w6qw6Jw","Tuesday","630","1260"
"Cr2JNnewX53TYd9w6qw6Jw","Wednesday","630","1260"
"Cr2JNnewX53TYd9w6qw6Jw","Friday","630","1320"
"Cr2JNnewX53TYd9w6qw6Jw","Sunday","660","1260"
"NQ9k6FFG5IkylMdM8cQnmQ","Thursday","540","1050"
"NQ9k6FFG5IkylMdM8cQnmQ","Monday","540","1050"
"NQ9k6FFG5IkylMdM8cQnmQ","Tuesday","540","1050"
"NQ9k6FFG5IkylMdM8cQnmQ","Wednesday","540","870"
"NQ9k6FFG5IkylMdM8cQnmQ","Friday","540","1050"
"DDnmNTvIIQu2t3WZ2EQx-w","Saturday","660","1320"
"DDnmNTvIIQu2t3WZ2EQx-w","Thursday","660","1320"
"DDnmNTvIIQu2t3WZ2EQx-w","Monday","660","1260"
"DDnmNTvIIQu2t3WZ2EQx-w","Tuesday","660","1320"
"DDnmNTvIIQu2t3WZ2EQx-w","Wednesday","660","1320"
"DDnmNTvIIQu2t3WZ2EQx-w","Friday","660","1320"
"DDnmNTvIIQu2t3WZ2EQx-w","Sunday","600","1260"
"FCcFT610nQBVcRdY-devQA","Saturday","660","0"
"FCcFT610nQBVcRdY-devQA","Thursday","660","1320"
"FCcFT610nQBVcRdY-devQA","Monday","660","1320"
"FCcFT610nQBVcRdY-devQA","Tuesday","660","1320"
"FCcFT610nQBVcRdY-devQA","Wednesday","660","1320"
"FCcFT610nQBVcRdY-devQA","Friday","660","0"
"FCcFT610nQBVcRdY-devQA","Sunday","600","1320"
"X_J65cnN3jJWGYacyNwKGg","Thursday","630","900"
"X_J65cnN3jJWGYacyNwKGg","Monday","630","900"
"X_J65cnN3jJWGYacyNwKGg","Tuesday","630","900"
"X_J65cnN3jJWGYacyNwKGg","Wednesday","630","900"
"X_J65cnN3jJWGYacyNwKGg","Friday","630","900"
"vfzUNcV9B3RhDyuZp0I1pQ","Saturday","660","1380"
"vfzUNcV9B3RhDyuZp0I1pQ","Thursday","660","1320"
"vfzUNcV9B3RhDyuZp0I1pQ","Monday","660","1320"
"vfzUNcV9B3RhDyuZp0I1pQ","Tuesday","660","1320"
"vfzUNcV9B3RhDyuZp0I1pQ","Wednesday","660","1320"
"vfzUNcV9B3RhDyuZp0I1pQ","Friday","660","1380"
"vfzUNcV9B3RhDyuZp0I1pQ","Sunday","660","1320"
"X4lwZ6Msx9GvpDBElqsv8A","Saturday","360","1260"
"X4lwZ6Msx9GvpDBElqsv8A","Thursday","360","1260"
"X4lwZ6Msx9GvpDBElqsv8A","Monday","360","1260"
"X4lwZ6Msx9GvpDBElqsv8A","Tuesday","360","1260"
"X4lwZ6Msx9GvpDBElqsv8A","Wednesday","360","1260"
"X4lwZ6Msx9GvpDBElqsv8A","Friday","360","1260"
"X4lwZ6Msx9GvpDBElqsv8A","Sunday","480","1200"
"r_0k2yqAo1Z4tg_IgXr7Jg","Saturday","540","1380"
"r_0k2yqAo1Z4tg_IgXr7Jg","Thursday","540","1320"
"r_0k2yqAo1Z4tg_IgXr7Jg","Monday","540","1320"
"r_0k2yqAo1Z4tg_IgXr7Jg","Tuesday","540","1320"
"r_0k2yqAo1Z4tg_IgXr7Jg","Wednesday","540","1320"
"r_0k2yqAo1Z4tg_IgXr7Jg","Friday","540","1380"
"r_0k2yqAo1Z4tg_IgXr7Jg","Sunday","540","1320"
"qjmCVYkwP-HDa35jwYucbQ","Saturday","600","1320"
"qjmCVYkwP-HDa35jwYucbQ","Thursday","660","1260"
"qjmCVYkwP-HDa35jwYucbQ","Monday","660","1260"
"qjmCVYkwP-HDa35jwYucbQ","Tuesday","660","1260"
"qjmCVYkwP-HDa35jwYucbQ","Wednesday","660","1260"
"qjmCVYkwP-HDa35jwYucbQ","Friday","660","1320"
"qjmCVYkwP-HDa35jwYucbQ","Sunday","600","1260"
"GcBgWPwxAlo2l4M7BrBMyA","Saturday","450","1020"
"GcBgWPwxAlo2l4M7BrBMyA","Thursday","420","1080"
"GcBgWPwxAlo2l4M7BrBMyA","Monday","420","1080"
"GcBgWPwxAlo2l4M7BrBMyA","Tuesday","420","1080"
"GcBgWPwxAlo2l4M7BrBMyA","Wednesday","420","1080"
"GcBgWPwxAlo2l4M7BrBMyA","Friday","420","1080"
"07UqHgBkJ4Kach2sVT2FdQ","Saturday","360","1020"
"07UqHgBkJ4Kach2sVT2FdQ","Thursday","420","1020"
"07UqHgBkJ4Kach2sVT2FdQ","Monday","420","1020"
"07UqHgBkJ4Kach2sVT2FdQ","Tuesday","420","1020"
"07UqHgBkJ4Kach2sVT2FdQ","Wednesday","420","1020"
"07UqHgBkJ4Kach2sVT2FdQ","Friday","420","960"
"07UqHgBkJ4Kach2sVT2FdQ","Sunday","360","1020"
"Jje3kP5CNasYDSpH0NPRGQ","Saturday","660","1320"
"Jje3kP5CNasYDSpH0NPRGQ","Thursday","660","1260"
"Jje3kP5CNasYDSpH0NPRGQ","Monday","660","1260"
"Jje3kP5CNasYDSpH0NPRGQ","Tuesday","660","1260"
"Jje3kP5CNasYDSpH0NPRGQ","Wednesday","660","1260"
"Jje3kP5CNasYDSpH0NPRGQ","Friday","660","1320"
"Jje3kP5CNasYDSpH0NPRGQ","Sunday","660","1260"
"k8B-ZZZezlXYLE7YC7FvQg","Saturday","600","960"
"k8B-ZZZezlXYLE7YC7FvQg","Thursday","480","1020"
"k8B-ZZZezlXYLE7YC7FvQg","Monday","480","1020"
"k8B-ZZZezlXYLE7YC7FvQg","Tuesday","480","1020"
"k8B-ZZZezlXYLE7YC7FvQg","Wednesday","480","1020"
"k8B-ZZZezlXYLE7YC7FvQg","Friday","480","1020"
"eD3gubPVM3MyAXXnyE-K3g","Thursday","510","1020"
"eD3gubPVM3MyAXXnyE-K3g","Monday","510","1020"
"eD3gubPVM3MyAXXnyE-K3g","Tuesday","510","1020"
"eD3gubPVM3MyAXXnyE-K3g","Wednesday","510","1020"
"eD3gubPVM3MyAXXnyE-K3g","Friday","510","1020"
"zRxSXco0Fs42aPzR6rJSzw","Thursday","510","1050"
"zRxSXco0Fs42aPzR6rJSzw","Monday","510","1050"
"zRxSXco0Fs42aPzR6rJSzw","Tuesday","510","1050"
"zRxSXco0Fs42aPzR6rJSzw","Wednesday","510","1050"
"zRxSXco0Fs42aPzR6rJSzw","Friday","510","960"
"zRxSXco0Fs42aPzR6rJSzw","Sunday","510","780"
"R53UdKGf8uKUIqErS4vc0g","Saturday","630","1260"
"R53UdKGf8uKUIqErS4vc0g","Thursday","630","1260"
"R53UdKGf8uKUIqErS4vc0g","Monday","630","1260"
"R53UdKGf8uKUIqErS4vc0g","Tuesday","630","1260"
"R53UdKGf8uKUIqErS4vc0g","Wednesday","630","1260"
"R53UdKGf8uKUIqErS4vc0g","Friday","630","1260"
"R53UdKGf8uKUIqErS4vc0g","Sunday","630","1200"
"3RCa_Qq-j1yaySmdDvYwZw","Thursday","480","1020"
"3RCa_Qq-j1yaySmdDvYwZw","Monday","480","1020"
"3RCa_Qq-j1yaySmdDvYwZw","Tuesday","420","1020"
"3RCa_Qq-j1yaySmdDvYwZw","Wednesday","480","1020"
"3RCa_Qq-j1yaySmdDvYwZw","Friday","480","1020"
"ElEF5b3n27IBzbA4R-1M1g","Thursday","420","1140"
"ElEF5b3n27IBzbA4R-1M1g","Monday","420","1140"
"ElEF5b3n27IBzbA4R-1M1g","Tuesday","420","1140"
"ElEF5b3n27IBzbA4R-1M1g","Wednesday","420","1140"
"ElEF5b3n27IBzbA4R-1M1g","Friday","420","1140"
"W3VsNhHLMRj5ABMdMcpaUw","Saturday","600","1260"
"W3VsNhHLMRj5ABMdMcpaUw","Thursday","600","1260"
"W3VsNhHLMRj5ABMdMcpaUw","Monday","600","1260"
"W3VsNhHLMRj5ABMdMcpaUw","Tuesday","600","1260"
"W3VsNhHLMRj5ABMdMcpaUw","Wednesday","600","1260"
"W3VsNhHLMRj5ABMdMcpaUw","Friday","600","1260"
"W3VsNhHLMRj5ABMdMcpaUw","Sunday","720","1080"
"U7KGTH26f4uyKXCHt4A4cw","Saturday","540","1260"
"U7KGTH26f4uyKXCHt4A4cw","Thursday","540","1260"
"U7KGTH26f4uyKXCHt4A4cw","Monday","540","1260"
"U7KGTH26f4uyKXCHt4A4cw","Tuesday","540","1260"
"U7KGTH26f4uyKXCHt4A4cw","Wednesday","540","1260"
"U7KGTH26f4uyKXCHt4A4cw","Friday","540","1260"
"U7KGTH26f4uyKXCHt4A4cw","Sunday","540","1200"
"VVxzmzGoRbjVV7P5bQcLfg","Saturday","600","1140"
"VVxzmzGoRbjVV7P5bQcLfg","Thursday","600","1200"
"VVxzmzGoRbjVV7P5bQcLfg","Monday","600","1200"
"VVxzmzGoRbjVV7P5bQcLfg","Tuesday","600","1200"
"VVxzmzGoRbjVV7P5bQcLfg","Wednesday","600","1200"
"VVxzmzGoRbjVV7P5bQcLfg","Friday","600","1200"
"VVxzmzGoRbjVV7P5bQcLfg","Sunday","660","1080"
"gocKJln2Icy2IyCunB1eOA","Saturday","600","60"
"gocKJln2Icy2IyCunB1eOA","Thursday","600","1260"
"gocKJln2Icy2IyCunB1eOA","Monday","600","1260"
"gocKJln2Icy2IyCunB1eOA","Tuesday","600","1260"
"gocKJln2Icy2IyCunB1eOA","Wednesday","600","1260"
"gocKJln2Icy2IyCunB1eOA","Friday","600","60"
"gocKJln2Icy2IyCunB1eOA","Sunday","720","1080"
"2kZiyGqzB5Lnc0cZgHCOfw","Saturday","480","900"
"2kZiyGqzB5Lnc0cZgHCOfw","Thursday","360","1200"
"2kZiyGqzB5Lnc0cZgHCOfw","Monday","330","1200"
"2kZiyGqzB5Lnc0cZgHCOfw","Tuesday","360","1200"
"2kZiyGqzB5Lnc0cZgHCOfw","Wednesday","330","1110"
"2kZiyGqzB5Lnc0cZgHCOfw","Friday","330","1110"
"2kZiyGqzB5Lnc0cZgHCOfw","Sunday","510","840"
"Zk584MLn3STVm1ZXpABSmA","Saturday","600","1320"
"Zk584MLn3STVm1ZXpABSmA","Thursday","600","1320"
"Zk584MLn3STVm1ZXpABSmA","Monday","600","1320"
"Zk584MLn3STVm1ZXpABSmA","Tuesday","600","1320"
"Zk584MLn3STVm1ZXpABSmA","Wednesday","600","1320"
"Zk584MLn3STVm1ZXpABSmA","Friday","600","1320"
"Zk584MLn3STVm1ZXpABSmA","Sunday","600","1320"
"tA2DT7CGQPzgA6tTcTkXDw","Saturday","1020","120"
"tA2DT7CGQPzgA6tTcTkXDw","Thursday","1020","120"
"tA2DT7CGQPzgA6tTcTkXDw","Monday","540","840"
"tA2DT7CGQPzgA6tTcTkXDw","Tuesday","1020","120"
"tA2DT7CGQPzgA6tTcTkXDw","Wednesday","1020","120"
"tA2DT7CGQPzgA6tTcTkXDw","Friday","1020","120"
"tA2DT7CGQPzgA6tTcTkXDw","Sunday","1020","120"
"E_8a66uqjHXsvb4tdGnkXA","Saturday","0","0"
"E_8a66uqjHXsvb4tdGnkXA","Thursday","0","0"
"E_8a66uqjHXsvb4tdGnkXA","Monday","0","0"
"E_8a66uqjHXsvb4tdGnkXA","Tuesday","0","0"
"E_8a66uqjHXsvb4tdGnkXA","Wednesday","0","0"
"E_8a66uqjHXsvb4tdGnkXA","Friday","0","0"
"E_8a66uqjHXsvb4tdGnkXA","Sunday","0","0"
"H0E9GjZqhEuWAIF1orTZ4A","Thursday","540","1020"
"H0E9GjZqhEuWAIF1orTZ4A","Monday","540","1020"
"H0E9GjZqhEuWAIF1orTZ4A","Tuesday","540","1020"
"H0E9GjZqhEuWAIF1orTZ4A","Wednesday","540","1020"
"H0E9GjZqhEuWAIF1orTZ4A","Friday","540","1020"
"xun1GBrZzChBLHY6NrsnMg","Saturday","480","1020"
"xun1GBrZzChBLHY6NrsnMg","Thursday","480","1080"
"xun1GBrZzChBLHY6NrsnMg","Monday","480","1080"
"xun1GBrZzChBLHY6NrsnMg","Tuesday","480","1080"
"xun1GBrZzChBLHY6NrsnMg","Wednesday","480","1080"
"xun1GBrZzChBLHY6NrsnMg","Friday","480","1080"
"yMUVflS-2SnOGafXmdHy6w","Saturday","600","1260"
"yMUVflS-2SnOGafXmdHy6w","Thursday","600","1260"
"yMUVflS-2SnOGafXmdHy6w","Monday","600","1260"
"yMUVflS-2SnOGafXmdHy6w","Tuesday","600","1260"
"yMUVflS-2SnOGafXmdHy6w","Wednesday","600","1260"
"yMUVflS-2SnOGafXmdHy6w","Friday","600","1260"
"yMUVflS-2SnOGafXmdHy6w","Sunday","600","1260"
"cIPzndsbagQGj9U1sLqLtA","Saturday","540","1020"
"cIPzndsbagQGj9U1sLqLtA","Thursday","420","1020"
"cIPzndsbagQGj9U1sLqLtA","Monday","420","1020"
"cIPzndsbagQGj9U1sLqLtA","Tuesday","420","1020"
"cIPzndsbagQGj9U1sLqLtA","Wednesday","420","1020"
"cIPzndsbagQGj9U1sLqLtA","Friday","420","1020"
"LzreyGNkVTYw4JFuSxWstA","Saturday","540","1260"
"LzreyGNkVTYw4JFuSxWstA","Thursday","540","1260"
"LzreyGNkVTYw4JFuSxWstA","Monday","540","1260"
"LzreyGNkVTYw4JFuSxWstA","Tuesday","540","1260"
"LzreyGNkVTYw4JFuSxWstA","Wednesday","540","1260"
"LzreyGNkVTYw4JFuSxWstA","Friday","540","1260"
"LzreyGNkVTYw4JFuSxWstA","Sunday","600","1260"
"m2N5lcfXv5I2TVcXcMTtOw","Saturday","360","1320"
"m2N5lcfXv5I2TVcXcMTtOw","Thursday","360","1320"
"m2N5lcfXv5I2TVcXcMTtOw","Monday","360","1320"
"m2N5lcfXv5I2TVcXcMTtOw","Tuesday","360","1320"
"m2N5lcfXv5I2TVcXcMTtOw","Wednesday","360","1320"
"m2N5lcfXv5I2TVcXcMTtOw","Friday","360","1320"
"m2N5lcfXv5I2TVcXcMTtOw","Sunday","360","1320"
"2e1jzfiHFGCRpV66gYNVbA","Saturday","420","1320"
"2e1jzfiHFGCRpV66gYNVbA","Thursday","420","1320"
"2e1jzfiHFGCRpV66gYNVbA","Monday","420","1320"
"2e1jzfiHFGCRpV66gYNVbA","Tuesday","420","1320"
"2e1jzfiHFGCRpV66gYNVbA","Wednesday","420","1320"
"2e1jzfiHFGCRpV66gYNVbA","Friday","420","1320"
"2e1jzfiHFGCRpV66gYNVbA","Sunday","420","1320"
"L9UYbtAUOcfTgZFimehlXw","Saturday","420","1320"
"L9UYbtAUOcfTgZFimehlXw","Thursday","420","1260"
"L9UYbtAUOcfTgZFimehlXw","Monday","420","1260"
"L9UYbtAUOcfTgZFimehlXw","Tuesday","420","1260"
"L9UYbtAUOcfTgZFimehlXw","Wednesday","420","1260"
"L9UYbtAUOcfTgZFimehlXw","Friday","420","1320"
"L9UYbtAUOcfTgZFimehlXw","Sunday","420","1260"
"WEUgyNNslbwhqYgku8Gt3Q","Saturday","660","1320"
"WEUgyNNslbwhqYgku8Gt3Q","Thursday","660","1320"
"WEUgyNNslbwhqYgku8Gt3Q","Monday","660","1320"
"WEUgyNNslbwhqYgku8Gt3Q","Tuesday","660","1320"
"WEUgyNNslbwhqYgku8Gt3Q","Wednesday","660","1320"
"WEUgyNNslbwhqYgku8Gt3Q","Friday","660","1320"
"WEUgyNNslbwhqYgku8Gt3Q","Sunday","660","1260"
"5wefpQ4OhJ4srP6j1vLTWw","Saturday","600","1200"
"5wefpQ4OhJ4srP6j1vLTWw","Thursday","480","1320"
"5wefpQ4OhJ4srP6j1vLTWw","Monday","480","1320"
"5wefpQ4OhJ4srP6j1vLTWw","Tuesday","480","1320"
"5wefpQ4OhJ4srP6j1vLTWw","Wednesday","480","1320"
"5wefpQ4OhJ4srP6j1vLTWw","Friday","480","1320"
"5wefpQ4OhJ4srP6j1vLTWw","Sunday","600","1200"
"Sodko0hlMg7F5doNJGKcWQ","Saturday","660","1350"
"Sodko0hlMg7F5doNJGKcWQ","Thursday","660","1290"
"Sodko0hlMg7F5doNJGKcWQ","Monday","660","1290"
"Sodko0hlMg7F5doNJGKcWQ","Tuesday","660","1290"
"Sodko0hlMg7F5doNJGKcWQ","Wednesday","660","1290"
"Sodko0hlMg7F5doNJGKcWQ","Friday","660","1350"
"Sodko0hlMg7F5doNJGKcWQ","Sunday","660","1290"
"bKRpIJvOxh65a-koMa1V7w","Saturday","600","1260"
"bKRpIJvOxh65a-koMa1V7w","Thursday","600","1260"
"bKRpIJvOxh65a-koMa1V7w","Monday","600","1260"
"bKRpIJvOxh65a-koMa1V7w","Tuesday","600","1260"
"bKRpIJvOxh65a-koMa1V7w","Wednesday","600","1260"
"bKRpIJvOxh65a-koMa1V7w","Friday","600","1260"
"bKRpIJvOxh65a-koMa1V7w","Sunday","660","1080"
"3DIG0gD6rL7AmukW3cdeKg","Saturday","450","1050"
"3DIG0gD6rL7AmukW3cdeKg","Thursday","450","1050"
"3DIG0gD6rL7AmukW3cdeKg","Monday","450","1050"
"3DIG0gD6rL7AmukW3cdeKg","Tuesday","450","1050"
"3DIG0gD6rL7AmukW3cdeKg","Wednesday","450","1050"
"3DIG0gD6rL7AmukW3cdeKg","Friday","450","1050"
"1U__JyhW9eiZ2z4djki1WA","Saturday","540","1020"
"1U__JyhW9eiZ2z4djki1WA","Thursday","480","1080"
"1U__JyhW9eiZ2z4djki1WA","Monday","480","1080"
"1U__JyhW9eiZ2z4djki1WA","Tuesday","480","1080"
"1U__JyhW9eiZ2z4djki1WA","Wednesday","480","1080"
"1U__JyhW9eiZ2z4djki1WA","Friday","480","1080"
"UtUXhKh7vOVvWJF48IzJvQ","Saturday","660","1380"
"UtUXhKh7vOVvWJF48IzJvQ","Thursday","660","1320"
"UtUXhKh7vOVvWJF48IzJvQ","Monday","660","1320"
"UtUXhKh7vOVvWJF48IzJvQ","Tuesday","660","1320"
"UtUXhKh7vOVvWJF48IzJvQ","Wednesday","660","1320"
"UtUXhKh7vOVvWJF48IzJvQ","Friday","660","1380"
"UtUXhKh7vOVvWJF48IzJvQ","Sunday","660","1320"
"NJTIb6bro3gmfo7Gp6rDLg","Saturday","600","1380"
"NJTIb6bro3gmfo7Gp6rDLg","Thursday","600","1260"
"NJTIb6bro3gmfo7Gp6rDLg","Monday","600","1260"
"NJTIb6bro3gmfo7Gp6rDLg","Tuesday","600","1260"
"NJTIb6bro3gmfo7Gp6rDLg","Wednesday","600","1260"
"NJTIb6bro3gmfo7Gp6rDLg","Friday","600","1380"
"NJTIb6bro3gmfo7Gp6rDLg","Sunday","600","1260"
"N8xl5Wroth6Z-JZlJHQwPw","Saturday","720","0"
"N8xl5Wroth6Z-JZlJHQwPw","Thursday","540","960"
"N8xl5Wroth6Z-JZlJHQwPw","Monday","540","960"
"N8xl5Wroth6Z-JZlJHQwPw","Tuesday","540","960"
"N8xl5Wroth6Z-JZlJHQwPw","Wednesday","540","960"
"N8xl5Wroth6Z-JZlJHQwPw","Friday","720","0"
"N8xl5Wroth6Z-JZlJHQwPw","Sunday","720","0"
"u3HMalNH-xBgZUXjnH3O6Q","Saturday","600","1080"
"u3HMalNH-xBgZUXjnH3O6Q","Thursday","600","1140"
"u3HMalNH-xBgZUXjnH3O6Q","Monday","600","1140"
"u3HMalNH-xBgZUXjnH3O6Q","Tuesday","600","1140"
"u3HMalNH-xBgZUXjnH3O6Q","Wednesday","600","1140"
"u3HMalNH-xBgZUXjnH3O6Q","Friday","600","1140"
"u3HMalNH-xBgZUXjnH3O6Q","Sunday","660","1020"
"5ELF1BKGUhYbDd51WM4JGA","Saturday","420","1320"
"5ELF1BKGUhYbDd51WM4JGA","Thursday","420","1320"
"5ELF1BKGUhYbDd51WM4JGA","Monday","420","1320"
"5ELF1BKGUhYbDd51WM4JGA","Tuesday","420","1320"
"5ELF1BKGUhYbDd51WM4JGA","Wednesday","420","1320"
"5ELF1BKGUhYbDd51WM4JGA","Friday","420","1320"
"5ELF1BKGUhYbDd51WM4JGA","Sunday","420","1260"
"WHd8fLeMeWKUK6sPyeB-UA","Saturday","660","1380"
"WHd8fLeMeWKUK6sPyeB-UA","Thursday","660","1320"
"WHd8fLeMeWKUK6sPyeB-UA","Monday","660","1320"
"WHd8fLeMeWKUK6sPyeB-UA","Tuesday","660","1320"
"WHd8fLeMeWKUK6sPyeB-UA","Wednesday","660","1320"
"WHd8fLeMeWKUK6sPyeB-UA","Friday","660","1380"
"WHd8fLeMeWKUK6sPyeB-UA","Sunday","660","1320"
"WUZxVr_CaRqEQgzvyeK5tw","Saturday","600","1260"
"WUZxVr_CaRqEQgzvyeK5tw","Thursday","600","1260"
"WUZxVr_CaRqEQgzvyeK5tw","Monday","600","1260"
"WUZxVr_CaRqEQgzvyeK5tw","Tuesday","600","1260"
"WUZxVr_CaRqEQgzvyeK5tw","Wednesday","600","1260"
"WUZxVr_CaRqEQgzvyeK5tw","Friday","600","1260"
"WUZxVr_CaRqEQgzvyeK5tw","Sunday","600","1140"
"-E6XYf1ce1NCtV3QQI-3xA","Saturday","660","1380"
"-E6XYf1ce1NCtV3QQI-3xA","Thursday","660","1320"
"-E6XYf1ce1NCtV3QQI-3xA","Monday","660","1320"
"-E6XYf1ce1NCtV3QQI-3xA","Tuesday","660","1320"
"-E6XYf1ce1NCtV3QQI-3xA","Wednesday","660","1320"
"-E6XYf1ce1NCtV3QQI-3xA","Friday","660","1380"
"-E6XYf1ce1NCtV3QQI-3xA","Sunday","660","1320"
"XEdBJi1WZzvatmkxFEIlOw","Saturday","540","1260"
"XEdBJi1WZzvatmkxFEIlOw","Thursday","540","1260"
"XEdBJi1WZzvatmkxFEIlOw","Monday","540","1260"
"XEdBJi1WZzvatmkxFEIlOw","Tuesday","540","1260"
"XEdBJi1WZzvatmkxFEIlOw","Wednesday","540","1260"
"XEdBJi1WZzvatmkxFEIlOw","Friday","540","1260"
"XEdBJi1WZzvatmkxFEIlOw","Sunday","600","1080"
"mkvWFODsaXHe5MXAyDnRWw","Saturday","540","1260"
"mkvWFODsaXHe5MXAyDnRWw","Thursday","660","1260"
"mkvWFODsaXHe5MXAyDnRWw","Monday","660","1260"
"mkvWFODsaXHe5MXAyDnRWw","Tuesday","660","1260"
"mkvWFODsaXHe5MXAyDnRWw","Wednesday","660","1260"
"mkvWFODsaXHe5MXAyDnRWw","Friday","660","1260"
"mkvWFODsaXHe5MXAyDnRWw","Sunday","540","1260"
"rlrSUtmUnM84AVb616Qy6Q","Saturday","480","1050"
"rlrSUtmUnM84AVb616Qy6Q","Thursday","480","1050"
"rlrSUtmUnM84AVb616Qy6Q","Monday","480","1050"
"rlrSUtmUnM84AVb616Qy6Q","Tuesday","480","1050"
"rlrSUtmUnM84AVb616Qy6Q","Wednesday","480","1050"
"rlrSUtmUnM84AVb616Qy6Q","Friday","480","1050"
"rlrSUtmUnM84AVb616Qy6Q","Sunday","540","1020"
"LorMcT1SQi_jS361mSKKzA","Saturday","480","660"
"LorMcT1SQi_jS361mSKKzA","Thursday","600","1170"
"LorMcT1SQi_jS361mSKKzA","Monday","360","1170"
"LorMcT1SQi_jS361mSKKzA","Tuesday","600","1170"
"LorMcT1SQi_jS361mSKKzA","Wednesday","360","1170"
"LorMcT1SQi_jS361mSKKzA","Friday","360","1110"
"F5-k-QxSGuK3oGNMknFFDw","Saturday","360","1260"
"F5-k-QxSGuK3oGNMknFFDw","Thursday","360","1260"
"F5-k-QxSGuK3oGNMknFFDw","Monday","360","1260"
"F5-k-QxSGuK3oGNMknFFDw","Tuesday","360","1260"
"F5-k-QxSGuK3oGNMknFFDw","Wednesday","360","1260"
"F5-k-QxSGuK3oGNMknFFDw","Friday","360","1260"
"F5-k-QxSGuK3oGNMknFFDw","Sunday","480","1200"
"pz-jypT4fEPQKr9RZtVdAw","Saturday","660","180"
"pz-jypT4fEPQKr9RZtVdAw","Thursday","660","180"
"pz-jypT4fEPQKr9RZtVdAw","Monday","660","1200"
"pz-jypT4fEPQKr9RZtVdAw","Tuesday","660","1200"
"pz-jypT4fEPQKr9RZtVdAw","Wednesday","660","1200"
"pz-jypT4fEPQKr9RZtVdAw","Friday","660","180"
"-NGrzJp0dX5pK3qdGSaspw","Saturday","600","1020"
"-NGrzJp0dX5pK3qdGSaspw","Thursday","600","1140"
"-NGrzJp0dX5pK3qdGSaspw","Monday","600","1140"
"-NGrzJp0dX5pK3qdGSaspw","Tuesday","600","1140"
"-NGrzJp0dX5pK3qdGSaspw","Wednesday","600","1140"
"-NGrzJp0dX5pK3qdGSaspw","Friday","600","1140"
"-NGrzJp0dX5pK3qdGSaspw","Sunday","600","1020"
"aACW1qAdOfgcU8yX61dOFw","Saturday","660","1380"
"aACW1qAdOfgcU8yX61dOFw","Thursday","660","1320"
"aACW1qAdOfgcU8yX61dOFw","Monday","660","1320"
"aACW1qAdOfgcU8yX61dOFw","Tuesday","660","1320"
"aACW1qAdOfgcU8yX61dOFw","Wednesday","660","1320"
"aACW1qAdOfgcU8yX61dOFw","Friday","660","1380"
"aACW1qAdOfgcU8yX61dOFw","Sunday","660","1320"
"rPp509oz4oFEdncoo7v_HA","Saturday","660","1320"
"rPp509oz4oFEdncoo7v_HA","Thursday","660","1260"
"rPp509oz4oFEdncoo7v_HA","Monday","660","1260"
"rPp509oz4oFEdncoo7v_HA","Tuesday","660","1260"
"rPp509oz4oFEdncoo7v_HA","Wednesday","660","1260"
"rPp509oz4oFEdncoo7v_HA","Friday","660","1320"
"rPp509oz4oFEdncoo7v_HA","Sunday","660","1260"
"kP_NxoI4DyQ1y60i5xsTCQ","Saturday","360","1380"
"kP_NxoI4DyQ1y60i5xsTCQ","Thursday","360","1380"
"kP_NxoI4DyQ1y60i5xsTCQ","Monday","360","1380"
"kP_NxoI4DyQ1y60i5xsTCQ","Tuesday","360","1380"
"kP_NxoI4DyQ1y60i5xsTCQ","Wednesday","360","1380"
"kP_NxoI4DyQ1y60i5xsTCQ","Friday","360","1380"
"kP_NxoI4DyQ1y60i5xsTCQ","Sunday","360","1380"
"xbZo8aMOOobPRzHKqmA88g","Saturday","630","1380"
"xbZo8aMOOobPRzHKqmA88g","Thursday","630","1320"
"xbZo8aMOOobPRzHKqmA88g","Monday","630","1320"
"xbZo8aMOOobPRzHKqmA88g","Tuesday","630","1320"
"xbZo8aMOOobPRzHKqmA88g","Wednesday","630","1320"
"xbZo8aMOOobPRzHKqmA88g","Friday","630","1380"
"xbZo8aMOOobPRzHKqmA88g","Sunday","630","1320"
"SGGZ6l345YTww09IHxtoew","Saturday","660","1200"
"SGGZ6l345YTww09IHxtoew","Thursday","660","1200"
"SGGZ6l345YTww09IHxtoew","Monday","660","1200"
"SGGZ6l345YTww09IHxtoew","Tuesday","660","1200"
"SGGZ6l345YTww09IHxtoew","Wednesday","660","1200"
"SGGZ6l345YTww09IHxtoew","Friday","660","1200"
"SGGZ6l345YTww09IHxtoew","Sunday","720","1020"
"lSlfbGPYtQ8bARSEiN9cYw","Saturday","480","0"
"lSlfbGPYtQ8bARSEiN9cYw","Thursday","480","0"
"lSlfbGPYtQ8bARSEiN9cYw","Monday","480","0"
"lSlfbGPYtQ8bARSEiN9cYw","Tuesday","480","0"
"lSlfbGPYtQ8bARSEiN9cYw","Wednesday","480","0"
"lSlfbGPYtQ8bARSEiN9cYw","Friday","480","0"
"lSlfbGPYtQ8bARSEiN9cYw","Sunday","480","0"
"a-U3SLb6j_M3AYzMAKwK_g","Saturday","360","360"
"a-U3SLb6j_M3AYzMAKwK_g","Thursday","360","360"
"a-U3SLb6j_M3AYzMAKwK_g","Monday","360","360"
"a-U3SLb6j_M3AYzMAKwK_g","Tuesday","360","360"
"a-U3SLb6j_M3AYzMAKwK_g","Wednesday","360","360"
"a-U3SLb6j_M3AYzMAKwK_g","Friday","360","360"
"a-U3SLb6j_M3AYzMAKwK_g","Sunday","360","360"
"N4KDipEdv7lCYYtFv-oKyg","Saturday","540","1080"
"N4KDipEdv7lCYYtFv-oKyg","Thursday","480","1260"
"N4KDipEdv7lCYYtFv-oKyg","Monday","480","1260"
"N4KDipEdv7lCYYtFv-oKyg","Tuesday","480","1260"
"N4KDipEdv7lCYYtFv-oKyg","Wednesday","480","1260"
"N4KDipEdv7lCYYtFv-oKyg","Friday","480","1260"
"N4KDipEdv7lCYYtFv-oKyg","Sunday","540","1080"
"vWoCMo8hrglD_ChW8z3brg","Saturday","420","1080"
"vWoCMo8hrglD_ChW8z3brg","Thursday","420","1080"
"vWoCMo8hrglD_ChW8z3brg","Monday","420","1080"
"vWoCMo8hrglD_ChW8z3brg","Tuesday","420","1080"
"vWoCMo8hrglD_ChW8z3brg","Wednesday","420","1080"
"vWoCMo8hrglD_ChW8z3brg","Friday","420","1080"
"joxWCp6dgN-kTE9GMziwjA","Saturday","720","1320"
"joxWCp6dgN-kTE9GMziwjA","Thursday","660","900"
"joxWCp6dgN-kTE9GMziwjA","Monday","660","900"
"joxWCp6dgN-kTE9GMziwjA","Tuesday","990","1260"
"joxWCp6dgN-kTE9GMziwjA","Wednesday","990","1260"
"joxWCp6dgN-kTE9GMziwjA","Friday","990","1290"
"joxWCp6dgN-kTE9GMziwjA","Sunday","990","1260"
"-Nd5eId2iqnFvAMNgRBgpA","Saturday","660","1380"
"-Nd5eId2iqnFvAMNgRBgpA","Thursday","660","1320"
"-Nd5eId2iqnFvAMNgRBgpA","Monday","660","1260"
"-Nd5eId2iqnFvAMNgRBgpA","Tuesday","660","1260"
"-Nd5eId2iqnFvAMNgRBgpA","Wednesday","660","1320"
"-Nd5eId2iqnFvAMNgRBgpA","Friday","660","1380"
"-Nd5eId2iqnFvAMNgRBgpA","Sunday","660","1320"
"HLbtxdO4NjwrByexahGKbA","Saturday","600","1320"
"HLbtxdO4NjwrByexahGKbA","Thursday","600","1320"
"HLbtxdO4NjwrByexahGKbA","Monday","600","1320"
"HLbtxdO4NjwrByexahGKbA","Tuesday","600","1320"
"HLbtxdO4NjwrByexahGKbA","Wednesday","600","1320"
"HLbtxdO4NjwrByexahGKbA","Friday","600","1320"
"HLbtxdO4NjwrByexahGKbA","Sunday","600","1320"
"bfDQai9X59uWK-XgP0t6rA","Saturday","660","120"
"bfDQai9X59uWK-XgP0t6rA","Thursday","660","120"
"bfDQai9X59uWK-XgP0t6rA","Monday","660","120"
"bfDQai9X59uWK-XgP0t6rA","Tuesday","660","120"
"bfDQai9X59uWK-XgP0t6rA","Wednesday","660","120"
"bfDQai9X59uWK-XgP0t6rA","Friday","660","120"
"bfDQai9X59uWK-XgP0t6rA","Sunday","660","120"
"qAORECtABjr_FsvSzy1apw","Saturday","600","1320"
"qAORECtABjr_FsvSzy1apw","Thursday","600","1320"
"qAORECtABjr_FsvSzy1apw","Monday","600","1320"
"qAORECtABjr_FsvSzy1apw","Tuesday","600","1320"
"qAORECtABjr_FsvSzy1apw","Wednesday","600","1320"
"qAORECtABjr_FsvSzy1apw","Friday","600","1320"
"qAORECtABjr_FsvSzy1apw","Sunday","600","1320"
"ctrgV3Yn-DGWhF9_DCukaA","Saturday","480","1200"
"ctrgV3Yn-DGWhF9_DCukaA","Thursday","480","1200"
"ctrgV3Yn-DGWhF9_DCukaA","Monday","480","1200"
"ctrgV3Yn-DGWhF9_DCukaA","Tuesday","480","1200"
"ctrgV3Yn-DGWhF9_DCukaA","Wednesday","480","1200"
"ctrgV3Yn-DGWhF9_DCukaA","Friday","480","1200"
"ctrgV3Yn-DGWhF9_DCukaA","Sunday","480","1200"
"tVeQQiToNbFm7kwuBEZPNg","Saturday","540","1140"
"tVeQQiToNbFm7kwuBEZPNg","Thursday","540","1140"
"tVeQQiToNbFm7kwuBEZPNg","Monday","540","1140"
"tVeQQiToNbFm7kwuBEZPNg","Tuesday","540","1140"
"tVeQQiToNbFm7kwuBEZPNg","Wednesday","540","1140"
"tVeQQiToNbFm7kwuBEZPNg","Friday","540","1140"
"tVeQQiToNbFm7kwuBEZPNg","Sunday","600","1020"
"BlmBPGYjOoFL25CXCin75g","Saturday","420","1140"
"BlmBPGYjOoFL25CXCin75g","Thursday","420","1140"
"BlmBPGYjOoFL25CXCin75g","Monday","420","1140"
"BlmBPGYjOoFL25CXCin75g","Tuesday","420","1140"
"BlmBPGYjOoFL25CXCin75g","Wednesday","420","1140"
"BlmBPGYjOoFL25CXCin75g","Friday","420","1200"
"AmzGu4DeUy69_XLbcQqQug","Saturday","660","0"
"AmzGu4DeUy69_XLbcQqQug","Thursday","660","1320"
"AmzGu4DeUy69_XLbcQqQug","Monday","660","1320"
"AmzGu4DeUy69_XLbcQqQug","Tuesday","660","1320"
"AmzGu4DeUy69_XLbcQqQug","Wednesday","660","1320"
"AmzGu4DeUy69_XLbcQqQug","Friday","660","0"
"AmzGu4DeUy69_XLbcQqQug","Sunday","660","1380"
"S8vszZv8Ohw_EYV85IpDZw","Saturday","600","1080"
"S8vszZv8Ohw_EYV85IpDZw","Thursday","600","1260"
"S8vszZv8Ohw_EYV85IpDZw","Monday","600","1260"
"S8vszZv8Ohw_EYV85IpDZw","Tuesday","600","1260"
"S8vszZv8Ohw_EYV85IpDZw","Wednesday","600","1260"
"S8vszZv8Ohw_EYV85IpDZw","Friday","600","1260"
"S8vszZv8Ohw_EYV85IpDZw","Sunday","720","1020"
"3P0HA0T93pGTOCqB0OqxUg","Saturday","600","1020"
"3P0HA0T93pGTOCqB0OqxUg","Thursday","570","1050"
"3P0HA0T93pGTOCqB0OqxUg","Monday","570","1050"
"3P0HA0T93pGTOCqB0OqxUg","Tuesday","570","1050"
"3P0HA0T93pGTOCqB0OqxUg","Wednesday","570","1050"
"3P0HA0T93pGTOCqB0OqxUg","Friday","570","1050"
"3P0HA0T93pGTOCqB0OqxUg","Sunday","600","990"
"vBRJWnMaAqUyZ1CbwnJXLQ","Thursday","510","1050"
"vBRJWnMaAqUyZ1CbwnJXLQ","Monday","510","1050"
"vBRJWnMaAqUyZ1CbwnJXLQ","Tuesday","510","1050"
"vBRJWnMaAqUyZ1CbwnJXLQ","Wednesday","510","1050"
"vBRJWnMaAqUyZ1CbwnJXLQ","Friday","510","1050"
"M0UqoJlAUzKx6dW2CT8d8w","Saturday","660","120"
"M0UqoJlAUzKx6dW2CT8d8w","Thursday","660","1380"
"M0UqoJlAUzKx6dW2CT8d8w","Tuesday","660","1380"
"M0UqoJlAUzKx6dW2CT8d8w","Wednesday","660","1380"
"M0UqoJlAUzKx6dW2CT8d8w","Friday","660","120"
"M0UqoJlAUzKx6dW2CT8d8w","Sunday","1020","1380"
"R2FuwuSjmyvzNWNfqzKUvw","Saturday","660","1320"
"R2FuwuSjmyvzNWNfqzKUvw","Thursday","660","1260"
"R2FuwuSjmyvzNWNfqzKUvw","Monday","660","1260"
"R2FuwuSjmyvzNWNfqzKUvw","Tuesday","660","1260"
"R2FuwuSjmyvzNWNfqzKUvw","Wednesday","660","1260"
"R2FuwuSjmyvzNWNfqzKUvw","Friday","660","1320"
"R2FuwuSjmyvzNWNfqzKUvw","Sunday","660","1260"
"x-QxnXWvV9m8FNAeIsnoFw","Saturday","600","1260"
"x-QxnXWvV9m8FNAeIsnoFw","Thursday","600","1260"
"x-QxnXWvV9m8FNAeIsnoFw","Monday","600","1260"
"x-QxnXWvV9m8FNAeIsnoFw","Tuesday","600","1260"
"x-QxnXWvV9m8FNAeIsnoFw","Wednesday","600","1260"
"x-QxnXWvV9m8FNAeIsnoFw","Friday","600","1260"
"x-QxnXWvV9m8FNAeIsnoFw","Sunday","600","1140"
"l3vLiDNAvtAHIc2AqZXvdA","Saturday","540","1200"
"l3vLiDNAvtAHIc2AqZXvdA","Thursday","540","1200"
"l3vLiDNAvtAHIc2AqZXvdA","Monday","540","1200"
"l3vLiDNAvtAHIc2AqZXvdA","Tuesday","540","1200"
"l3vLiDNAvtAHIc2AqZXvdA","Wednesday","540","1200"
"l3vLiDNAvtAHIc2AqZXvdA","Friday","540","1200"
"l3vLiDNAvtAHIc2AqZXvdA","Sunday","660","1110"
"CVBYF1AMlrZbScRXX8d6XQ","Saturday","660","1320"
"CVBYF1AMlrZbScRXX8d6XQ","Thursday","660","1260"
"CVBYF1AMlrZbScRXX8d6XQ","Monday","660","1260"
"CVBYF1AMlrZbScRXX8d6XQ","Tuesday","660","1260"
"CVBYF1AMlrZbScRXX8d6XQ","Wednesday","660","1260"
"CVBYF1AMlrZbScRXX8d6XQ","Friday","660","1320"
"CVBYF1AMlrZbScRXX8d6XQ","Sunday","660","1260"
"7lp13T_FUmX1XjU2wen_qw","Thursday","1020","1320"
"7lp13T_FUmX1XjU2wen_qw","Saturday","1020","1320"
"7lp13T_FUmX1XjU2wen_qw","Tuesday","1020","1320"
"7lp13T_FUmX1XjU2wen_qw","Wednesday","1020","1320"
"7lp13T_FUmX1XjU2wen_qw","Friday","1020","1320"
"GlaQICDLKSdTyKMZt9sN1Q","Saturday","660","1200"
"GlaQICDLKSdTyKMZt9sN1Q","Thursday","660","1200"
"GlaQICDLKSdTyKMZt9sN1Q","Monday","660","1200"
"GlaQICDLKSdTyKMZt9sN1Q","Tuesday","660","1200"
"GlaQICDLKSdTyKMZt9sN1Q","Wednesday","660","1200"
"GlaQICDLKSdTyKMZt9sN1Q","Friday","660","1200"
"EVd903xbs5hk59zGVi6dVA","Thursday","480","960"
"EVd903xbs5hk59zGVi6dVA","Monday","480","960"
"EVd903xbs5hk59zGVi6dVA","Tuesday","480","960"
"EVd903xbs5hk59zGVi6dVA","Wednesday","480","960"
"EVd903xbs5hk59zGVi6dVA","Friday","480","960"
"shlAd7PLzWlQrkQ0uYcBBg","Saturday","690","1290"
"shlAd7PLzWlQrkQ0uYcBBg","Thursday","660","1260"
"shlAd7PLzWlQrkQ0uYcBBg","Monday","660","1260"
"shlAd7PLzWlQrkQ0uYcBBg","Tuesday","660","1260"
"shlAd7PLzWlQrkQ0uYcBBg","Wednesday","660","1260"
"shlAd7PLzWlQrkQ0uYcBBg","Friday","660","1290"
"shlAd7PLzWlQrkQ0uYcBBg","Sunday","690","1260"
"XxfWQ0e_EdkxYyVN7osIlQ","Saturday","600","1200"
"XxfWQ0e_EdkxYyVN7osIlQ","Thursday","600","1200"
"XxfWQ0e_EdkxYyVN7osIlQ","Monday","600","1200"
"XxfWQ0e_EdkxYyVN7osIlQ","Tuesday","600","1200"
"XxfWQ0e_EdkxYyVN7osIlQ","Wednesday","600","1200"
"XxfWQ0e_EdkxYyVN7osIlQ","Friday","600","1200"
"XxfWQ0e_EdkxYyVN7osIlQ","Sunday","600","1140"
"ufx4U76IsSbA06tfnHP5XQ","Saturday","630","1260"
"ufx4U76IsSbA06tfnHP5XQ","Thursday","630","1260"
"ufx4U76IsSbA06tfnHP5XQ","Monday","630","1260"
"ufx4U76IsSbA06tfnHP5XQ","Tuesday","630","1260"
"ufx4U76IsSbA06tfnHP5XQ","Wednesday","630","1260"
"ufx4U76IsSbA06tfnHP5XQ","Friday","630","1260"
"ufx4U76IsSbA06tfnHP5XQ","Sunday","630","1020"
"ADJIoHN3uLx-JalYl3r3Dw","Saturday","660","0"
"ADJIoHN3uLx-JalYl3r3Dw","Thursday","660","1380"
"ADJIoHN3uLx-JalYl3r3Dw","Monday","660","1380"
"ADJIoHN3uLx-JalYl3r3Dw","Tuesday","660","1380"
"ADJIoHN3uLx-JalYl3r3Dw","Wednesday","660","1380"
"ADJIoHN3uLx-JalYl3r3Dw","Friday","660","0"
"ADJIoHN3uLx-JalYl3r3Dw","Sunday","600","1320"
"pEYl95VtjQVc1mA2b16HfQ","Thursday","540","1020"
"pEYl95VtjQVc1mA2b16HfQ","Monday","540","1020"
"pEYl95VtjQVc1mA2b16HfQ","Tuesday","540","1020"
"pEYl95VtjQVc1mA2b16HfQ","Wednesday","540","1020"
"pEYl95VtjQVc1mA2b16HfQ","Friday","540","1020"
"8XmJg-Uy9FtOqlDOaSJsZw","Saturday","570","1380"
"8XmJg-Uy9FtOqlDOaSJsZw","Thursday","570","1320"
"8XmJg-Uy9FtOqlDOaSJsZw","Monday","570","1260"
"8XmJg-Uy9FtOqlDOaSJsZw","Tuesday","570","1260"
"8XmJg-Uy9FtOqlDOaSJsZw","Wednesday","570","1260"
"8XmJg-Uy9FtOqlDOaSJsZw","Friday","570","1380"
"8XmJg-Uy9FtOqlDOaSJsZw","Sunday","600","1260"
"x737irkRUs8ABGRc2ILLAA","Saturday","630","1380"
"x737irkRUs8ABGRc2ILLAA","Thursday","630","1320"
"x737irkRUs8ABGRc2ILLAA","Monday","630","1320"
"x737irkRUs8ABGRc2ILLAA","Tuesday","630","1320"
"x737irkRUs8ABGRc2ILLAA","Wednesday","630","1320"
"x737irkRUs8ABGRc2ILLAA","Friday","630","1380"
"x737irkRUs8ABGRc2ILLAA","Sunday","660","1320"
"d2AeNB4xw67E1Bzpo1Pm7Q","Saturday","480","960"
"d2AeNB4xw67E1Bzpo1Pm7Q","Thursday","420","960"
"d2AeNB4xw67E1Bzpo1Pm7Q","Monday","420","960"
"d2AeNB4xw67E1Bzpo1Pm7Q","Tuesday","420","960"
"d2AeNB4xw67E1Bzpo1Pm7Q","Wednesday","420","960"
"d2AeNB4xw67E1Bzpo1Pm7Q","Friday","420","1020"
"8aPTQeDYOMNEu907WfflCQ","Saturday","390","870"
"8aPTQeDYOMNEu907WfflCQ","Thursday","390","870"
"8aPTQeDYOMNEu907WfflCQ","Monday","390","870"
"8aPTQeDYOMNEu907WfflCQ","Tuesday","390","870"
"8aPTQeDYOMNEu907WfflCQ","Wednesday","390","870"
"8aPTQeDYOMNEu907WfflCQ","Friday","390","870"
"8aPTQeDYOMNEu907WfflCQ","Sunday","390","870"
"MXFcSmW3m-9IXQEA_7l62g","Saturday","0","1439"
"MXFcSmW3m-9IXQEA_7l62g","Thursday","0","1439"
"MXFcSmW3m-9IXQEA_7l62g","Monday","0","1439"
"MXFcSmW3m-9IXQEA_7l62g","Tuesday","0","1439"
"MXFcSmW3m-9IXQEA_7l62g","Wednesday","0","1439"
"MXFcSmW3m-9IXQEA_7l62g","Friday","0","1439"
"MXFcSmW3m-9IXQEA_7l62g","Sunday","0","1439"
"hfl62LX14YqNpG0g0Tj6_Q","Thursday","660","1260"
"hfl62LX14YqNpG0g0Tj6_Q","Saturday","660","1260"
"hfl62LX14YqNpG0g0Tj6_Q","Tuesday","660","1260"
"hfl62LX14YqNpG0g0Tj6_Q","Wednesday","660","1260"
"hfl62LX14YqNpG0g0Tj6_Q","Friday","660","1260"
"Axp68MrCFrKW8HplKsvBHw","Saturday","450","900"
"Axp68MrCFrKW8HplKsvBHw","Thursday","420","1020"
"Axp68MrCFrKW8HplKsvBHw","Monday","420","1020"
"Axp68MrCFrKW8HplKsvBHw","Tuesday","420","1020"
"Axp68MrCFrKW8HplKsvBHw","Wednesday","420","1020"
"Axp68MrCFrKW8HplKsvBHw","Friday","420","1020"
"OTq55xUFMOz13DAi9D0_rw","Saturday","660","1320"
"OTq55xUFMOz13DAi9D0_rw","Thursday","660","1320"
"OTq55xUFMOz13DAi9D0_rw","Monday","660","1320"
"OTq55xUFMOz13DAi9D0_rw","Tuesday","660","1320"
"OTq55xUFMOz13DAi9D0_rw","Wednesday","660","1320"
"OTq55xUFMOz13DAi9D0_rw","Friday","660","1320"
"OTq55xUFMOz13DAi9D0_rw","Sunday","660","1320"
"YD0oiqWZyAi-lMw3TQ2TqA","Saturday","480","1320"
"YD0oiqWZyAi-lMw3TQ2TqA","Thursday","480","1320"
"YD0oiqWZyAi-lMw3TQ2TqA","Monday","480","1320"
"YD0oiqWZyAi-lMw3TQ2TqA","Tuesday","480","1320"
"YD0oiqWZyAi-lMw3TQ2TqA","Wednesday","480","1320"
"YD0oiqWZyAi-lMw3TQ2TqA","Friday","480","1320"
"YD0oiqWZyAi-lMw3TQ2TqA","Sunday","480","1320"
"Sak3B5hHkztmc1ayxrU8-A","Thursday","420","960"
"Sak3B5hHkztmc1ayxrU8-A","Monday","420","960"
"Sak3B5hHkztmc1ayxrU8-A","Tuesday","420","960"
"Sak3B5hHkztmc1ayxrU8-A","Wednesday","420","960"
"Sak3B5hHkztmc1ayxrU8-A","Friday","420","960"
"IOpB1FRBQh57Nr7Pg_DinQ","Saturday","540","720"
"IOpB1FRBQh57Nr7Pg_DinQ","Thursday","840","1080"
"IOpB1FRBQh57Nr7Pg_DinQ","Monday","450","1140"
"IOpB1FRBQh57Nr7Pg_DinQ","Tuesday","840","1080"
"IOpB1FRBQh57Nr7Pg_DinQ","Wednesday","450","1080"
"IOpB1FRBQh57Nr7Pg_DinQ","Friday","450","720"
"x65HKjRIzTptg_cWSHwZ7w","Thursday","450","930"
"x65HKjRIzTptg_cWSHwZ7w","Monday","450","930"
"x65HKjRIzTptg_cWSHwZ7w","Tuesday","450","930"
"x65HKjRIzTptg_cWSHwZ7w","Wednesday","450","930"
"x65HKjRIzTptg_cWSHwZ7w","Friday","450","930"
"er1Ng8wxlwaWnzFAKttukQ","Saturday","690","1290"
"er1Ng8wxlwaWnzFAKttukQ","Thursday","600","1290"
"er1Ng8wxlwaWnzFAKttukQ","Monday","600","1290"
"er1Ng8wxlwaWnzFAKttukQ","Tuesday","600","1290"
"er1Ng8wxlwaWnzFAKttukQ","Wednesday","600","1290"
"er1Ng8wxlwaWnzFAKttukQ","Friday","600","1290"
"er1Ng8wxlwaWnzFAKttukQ","Sunday","660","1290"
"tyETqrYijm3cY4noCwl9Ww","Saturday","720","1260"
"tyETqrYijm3cY4noCwl9Ww","Thursday","660","1260"
"tyETqrYijm3cY4noCwl9Ww","Monday","660","1260"
"tyETqrYijm3cY4noCwl9Ww","Tuesday","660","1260"
"tyETqrYijm3cY4noCwl9Ww","Wednesday","660","1260"
"tyETqrYijm3cY4noCwl9Ww","Friday","660","1260"
