"business_id","attribute_name","attribute_value"
"O_X3PGhk3Y5JWVi866qlJg","Alcohol","full_bar"
"O_X3PGhk3Y5JWVi866qlJg","Waiter Service","true"
"O_X3PGhk3Y5JWVi866qlJg","Delivery","false"
"O_X3PGhk3Y5JWVi866qlJg","Attire","casual"
"O_X3PGhk3Y5JWVi866qlJg","Good for Kids","false"
"O_X3PGhk3Y5JWVi866qlJg","Take-out","false"
"O_X3PGhk3Y5JWVi866qlJg","Accepts Credit Cards","true"
"O_X3PGhk3Y5JWVi866qlJg","Price Range","2"
"O_X3PGhk3Y5JWVi866qlJg","Takes Reservations","true"
"O_X3PGhk3Y5JWVi866qlJg","Noise Level","average"
"O_X3PGhk3Y5JWVi866qlJg","Has TV","true"
"O_X3PGhk3Y5JWVi866qlJg","Wheelchair Accessible","true"
"O_X3PGhk3Y5JWVi866qlJg","Good For Groups","true"
"O_X3PGhk3Y5JWVi866qlJg","Outdoor Seating","true"
"O_X3PGhk3Y5JWVi866qlJg","Wi-Fi","free"
"QbrM7wqtmoNncqjc6GtFaQ","Accepts Credit Cards","true"
"QbrM7wqtmoNncqjc6GtFaQ","Price Range","2"
"7lbvsGKzhjuX3oJtaXJvOg","Accepts Credit Cards","true"
"7lbvsGKzhjuX3oJtaXJvOg","Price Range","1"
"ShUDf64NVkwCe8izdUbYuw","Alcohol","full_bar"
"ShUDf64NVkwCe8izdUbYuw","Good for Kids","true"
"-orgn4aQoie80CiWcoqkqg","Accepts Credit Cards","false"
"mQfT3JYu18HN22DVylcE7A","Alcohol","none"
"mQfT3JYu18HN22DVylcE7A","Waiter Service","false"
"mQfT3JYu18HN22DVylcE7A","Attire","casual"
"mQfT3JYu18HN22DVylcE7A","Delivery","false"
"mQfT3JYu18HN22DVylcE7A","Good for Kids","true"
"mQfT3JYu18HN22DVylcE7A","Take-out","true"
"mQfT3JYu18HN22DVylcE7A","Accepts Credit Cards","true"
"mQfT3JYu18HN22DVylcE7A","Price Range","1"
"mQfT3JYu18HN22DVylcE7A","Takes Reservations","false"
"mQfT3JYu18HN22DVylcE7A","Caters","true"
"mQfT3JYu18HN22DVylcE7A","Noise Level","average"
"mQfT3JYu18HN22DVylcE7A","Has TV","true"
"mQfT3JYu18HN22DVylcE7A","Wheelchair Accessible","true"
"mQfT3JYu18HN22DVylcE7A","Good For Groups","true"
"mQfT3JYu18HN22DVylcE7A","Outdoor Seating","true"
"mQfT3JYu18HN22DVylcE7A","Wi-Fi","no"
"cqXv3w9Mf-aVi4PPRspfFQ","Wheelchair Accessible","true"
"cqXv3w9Mf-aVi4PPRspfFQ","Accepts Credit Cards","true"
"cqXv3w9Mf-aVi4PPRspfFQ","Price Range","2"
"C2FC_hsVG4rupRESeUnrcA","Good for Kids","true"
"MiVcQsXp3TYUmeD7FSa-hA","Alcohol","none"
"MiVcQsXp3TYUmeD7FSa-hA","Waiter Service","false"
"MiVcQsXp3TYUmeD7FSa-hA","Attire","casual"
"MiVcQsXp3TYUmeD7FSa-hA","Delivery","true"
"MiVcQsXp3TYUmeD7FSa-hA","Good for Kids","true"
"MiVcQsXp3TYUmeD7FSa-hA","Take-out","true"
"MiVcQsXp3TYUmeD7FSa-hA","Accepts Credit Cards","true"
"MiVcQsXp3TYUmeD7FSa-hA","Price Range","1"
"MiVcQsXp3TYUmeD7FSa-hA","Takes Reservations","true"
"MiVcQsXp3TYUmeD7FSa-hA","Caters","true"
"MiVcQsXp3TYUmeD7FSa-hA","Noise Level","average"
"MiVcQsXp3TYUmeD7FSa-hA","Has TV","false"
"MiVcQsXp3TYUmeD7FSa-hA","Wheelchair Accessible","true"
"MiVcQsXp3TYUmeD7FSa-hA","Good For Groups","true"
"MiVcQsXp3TYUmeD7FSa-hA","Outdoor Seating","true"
"MiVcQsXp3TYUmeD7FSa-hA","Wi-Fi","free"
"2agDSZF593OlXDj7SZtVxw","By Appointment Only","true"
"2agDSZF593OlXDj7SZtVxw","Wheelchair Accessible","true"
"2agDSZF593OlXDj7SZtVxw","Accepts Credit Cards","true"
"2agDSZF593OlXDj7SZtVxw","Accepts Insurance","false"
"_IwgdSjrIMwAcQdeLNhcZQ","Coat Check","false"
"_IwgdSjrIMwAcQdeLNhcZQ","Alcohol","full_bar"
"_IwgdSjrIMwAcQdeLNhcZQ","Accepts Credit Cards","true"
"_IwgdSjrIMwAcQdeLNhcZQ","Price Range","3"
"_IwgdSjrIMwAcQdeLNhcZQ","Smoking","yes"
"_IwgdSjrIMwAcQdeLNhcZQ","Noise Level","quiet"
"_IwgdSjrIMwAcQdeLNhcZQ","Wheelchair Accessible","true"
"_IwgdSjrIMwAcQdeLNhcZQ","Has TV","true"
"_IwgdSjrIMwAcQdeLNhcZQ","Good For Groups","true"
"_IwgdSjrIMwAcQdeLNhcZQ","Outdoor Seating","true"
"_IwgdSjrIMwAcQdeLNhcZQ","Good For Dancing","true"
"ClluhYAaVzuoha89uJmr7g","Accepts Credit Cards","true"
"ClluhYAaVzuoha89uJmr7g","Price Range","4"
"ClluhYAaVzuoha89uJmr7g","Wi-Fi","no"
"tl9XIP5trlkcuSfTQqe5jg","Alcohol","none"
"tl9XIP5trlkcuSfTQqe5jg","Waiter Service","false"
"tl9XIP5trlkcuSfTQqe5jg","Delivery","false"
"tl9XIP5trlkcuSfTQqe5jg","Attire","casual"
"tl9XIP5trlkcuSfTQqe5jg","Good for Kids","true"
"tl9XIP5trlkcuSfTQqe5jg","Drive-Thru","true"
"tl9XIP5trlkcuSfTQqe5jg","Take-out","true"
"tl9XIP5trlkcuSfTQqe5jg","Accepts Credit Cards","true"
"tl9XIP5trlkcuSfTQqe5jg","Price Range","1"
"tl9XIP5trlkcuSfTQqe5jg","Takes Reservations","false"
"tl9XIP5trlkcuSfTQqe5jg","Caters","false"
"tl9XIP5trlkcuSfTQqe5jg","Noise Level","average"
"tl9XIP5trlkcuSfTQqe5jg","Has TV","true"
"tl9XIP5trlkcuSfTQqe5jg","Outdoor Seating","false"
"tl9XIP5trlkcuSfTQqe5jg","Wi-Fi","free"
"6zXaBSWYQThXT5z9IDY8lw","By Appointment Only","false"
"6zXaBSWYQThXT5z9IDY8lw","Good for Kids","true"
"6zXaBSWYQThXT5z9IDY8lw","Wheelchair Accessible","true"
"6zXaBSWYQThXT5z9IDY8lw","Accepts Credit Cards","true"
"6zXaBSWYQThXT5z9IDY8lw","Price Range","1"
"lUoiT_fR73R8eMiiIcqMLA","Accepts Credit Cards","true"
"lUoiT_fR73R8eMiiIcqMLA","Price Range","3"
"lUoiT_fR73R8eMiiIcqMLA","Wi-Fi","free"
"W0eocyGliMbg8NScqERaiA","Coat Check","false"
"W0eocyGliMbg8NScqERaiA","Alcohol","full_bar"
"W0eocyGliMbg8NScqERaiA","Waiter Service","true"
"W0eocyGliMbg8NScqERaiA","Happy Hour","true"
"W0eocyGliMbg8NScqERaiA","Attire","dressy"
"W0eocyGliMbg8NScqERaiA","Delivery","false"
"W0eocyGliMbg8NScqERaiA","Good for Kids","false"
"W0eocyGliMbg8NScqERaiA","Take-out","false"
"W0eocyGliMbg8NScqERaiA","Accepts Credit Cards","true"
"W0eocyGliMbg8NScqERaiA","Price Range","2"
"W0eocyGliMbg8NScqERaiA","Takes Reservations","true"
"W0eocyGliMbg8NScqERaiA","Smoking","outdoor"
"W0eocyGliMbg8NScqERaiA","Caters","true"
"W0eocyGliMbg8NScqERaiA","Noise Level","loud"
"W0eocyGliMbg8NScqERaiA","Has TV","true"
"W0eocyGliMbg8NScqERaiA","Wheelchair Accessible","true"
"W0eocyGliMbg8NScqERaiA","Good For Groups","true"
"W0eocyGliMbg8NScqERaiA","Outdoor Seating","true"
"W0eocyGliMbg8NScqERaiA","Wi-Fi","paid"
"W0eocyGliMbg8NScqERaiA","Good For Dancing","false"
"0A8myHrHPpiZGvGyFIBA1w","By Appointment Only","true"
"J8T6Fu7RSczrflZ5rC6wvQ","Accepts Credit Cards","true"
"wAs-stW0HP6OXVXdpawnBQ","Alcohol","beer_and_wine"
"wAs-stW0HP6OXVXdpawnBQ","Waiter Service","true"
"wAs-stW0HP6OXVXdpawnBQ","Delivery","false"
"wAs-stW0HP6OXVXdpawnBQ","Attire","casual"
"wAs-stW0HP6OXVXdpawnBQ","Good for Kids","true"
"wAs-stW0HP6OXVXdpawnBQ","Take-out","true"
"wAs-stW0HP6OXVXdpawnBQ","Accepts Credit Cards","true"
"wAs-stW0HP6OXVXdpawnBQ","Price Range","1"
"wAs-stW0HP6OXVXdpawnBQ","Takes Reservations","true"
"wAs-stW0HP6OXVXdpawnBQ","Caters","false"
"wAs-stW0HP6OXVXdpawnBQ","Noise Level","quiet"
"wAs-stW0HP6OXVXdpawnBQ","Has TV","false"
"wAs-stW0HP6OXVXdpawnBQ","Good For Groups","true"
"wAs-stW0HP6OXVXdpawnBQ","Outdoor Seating","false"
"wAs-stW0HP6OXVXdpawnBQ","Wi-Fi","no"
"5CfsPNHmj7J8l1qXk-USsw","Accepts Credit Cards","true"
"sbD4f8aOsXZ6PJYh1kN4Ag","Wheelchair Accessible","true"
"sbD4f8aOsXZ6PJYh1kN4Ag","Accepts Credit Cards","true"
"sbD4f8aOsXZ6PJYh1kN4Ag","Price Range","2"
"vf5AdVCI7rEvXF2Falgp_w","Accepts Credit Cards","true"
"vf5AdVCI7rEvXF2Falgp_w","Price Range","1"
"vf5AdVCI7rEvXF2Falgp_w","Wi-Fi","free"
"gtQzAiy7D-dPU8WzT3jX3Q","Wheelchair Accessible","true"
"gtQzAiy7D-dPU8WzT3jX3Q","Accepts Credit Cards","true"
"gtQzAiy7D-dPU8WzT3jX3Q","Price Range","4"
"As7RemQnYJskIBPWUh3MIg","Alcohol","full_bar"
"As7RemQnYJskIBPWUh3MIg","Happy Hour","true"
"As7RemQnYJskIBPWUh3MIg","Accepts Credit Cards","true"
"nV_7lAYFVISEs-Te4e39gA","Accepts Credit Cards","true"
"59IPTGX3P6gxpIFYYv1kZg","Accepts Credit Cards","true"
"59IPTGX3P6gxpIFYYv1kZg","Price Range","2"
"HfWkdqxegjiGEXzI8j7Wwg","By Appointment Only","false"
"HfWkdqxegjiGEXzI8j7Wwg","Wheelchair Accessible","true"
"HfWkdqxegjiGEXzI8j7Wwg","Accepts Credit Cards","true"
"HfWkdqxegjiGEXzI8j7Wwg","Price Range","2"
"31bXixwy2GNmRlhpl21reA","Wheelchair Accessible","true"
"31bXixwy2GNmRlhpl21reA","Accepts Credit Cards","true"
"31bXixwy2GNmRlhpl21reA","Price Range","3"
"xvCWAzIS_EpTwDIUVhY_Og","Waiter Service","false"
"xvCWAzIS_EpTwDIUVhY_Og","Caters","false"
"xvCWAzIS_EpTwDIUVhY_Og","Accepts Credit Cards","true"
"nKrUueeLiIAeMH8nGhdh3A","Waiter Service","false"
"nKrUueeLiIAeMH8nGhdh3A","Attire","casual"
"nKrUueeLiIAeMH8nGhdh3A","Has TV","true"
"nKrUueeLiIAeMH8nGhdh3A","Price Range","1"
"nKrUueeLiIAeMH8nGhdh3A","Outdoor Seating","false"
"nKrUueeLiIAeMH8nGhdh3A","Wi-Fi","free"
"h3suimHlSVRu9V_AJxbbGw","Accepts Credit Cards","true"
"h3suimHlSVRu9V_AJxbbGw","Price Range","2"
"fI2DvmH3ikpZnVaxWyL66Q","Good for Kids","true"
"-tNGtyL1Tx20Od4npKkdcg","Accepts Credit Cards","true"
"RxYntP8Gsu9hH6gtGjQGVw","Waiter Service","true"
"RxYntP8Gsu9hH6gtGjQGVw","Delivery","true"
"RxYntP8Gsu9hH6gtGjQGVw","Attire","casual"
"RxYntP8Gsu9hH6gtGjQGVw","Good for Kids","true"
"RxYntP8Gsu9hH6gtGjQGVw","Take-out","true"
"RxYntP8Gsu9hH6gtGjQGVw","Accepts Credit Cards","true"
"RxYntP8Gsu9hH6gtGjQGVw","Price Range","2"
"RxYntP8Gsu9hH6gtGjQGVw","Takes Reservations","false"
"RxYntP8Gsu9hH6gtGjQGVw","Caters","true"
"RxYntP8Gsu9hH6gtGjQGVw","Noise Level","quiet"
"RxYntP8Gsu9hH6gtGjQGVw","Has TV","true"
"RxYntP8Gsu9hH6gtGjQGVw","Good For Groups","false"
"RxYntP8Gsu9hH6gtGjQGVw","Outdoor Seating","false"
"CqhsIZ7TzCfJTrZqg5-gqQ","Coat Check","false"
"CqhsIZ7TzCfJTrZqg5-gqQ","Alcohol","full_bar"
"CqhsIZ7TzCfJTrZqg5-gqQ","Waiter Service","true"
"CqhsIZ7TzCfJTrZqg5-gqQ","Happy Hour","true"
"CqhsIZ7TzCfJTrZqg5-gqQ","Attire","casual"
"CqhsIZ7TzCfJTrZqg5-gqQ","Delivery","false"
"CqhsIZ7TzCfJTrZqg5-gqQ","Good for Kids","false"
"CqhsIZ7TzCfJTrZqg5-gqQ","Take-out","true"
"CqhsIZ7TzCfJTrZqg5-gqQ","Accepts Credit Cards","true"
"CqhsIZ7TzCfJTrZqg5-gqQ","Price Range","1"
"CqhsIZ7TzCfJTrZqg5-gqQ","Takes Reservations","true"
"CqhsIZ7TzCfJTrZqg5-gqQ","Order at Counter","false"
"CqhsIZ7TzCfJTrZqg5-gqQ","Smoking","outdoor"
"CqhsIZ7TzCfJTrZqg5-gqQ","Caters","false"
"CqhsIZ7TzCfJTrZqg5-gqQ","Noise Level","average"
"CqhsIZ7TzCfJTrZqg5-gqQ","Has TV","true"
"CqhsIZ7TzCfJTrZqg5-gqQ","Wheelchair Accessible","true"
"CqhsIZ7TzCfJTrZqg5-gqQ","Good For Groups","true"
"CqhsIZ7TzCfJTrZqg5-gqQ","Outdoor Seating","true"
"CqhsIZ7TzCfJTrZqg5-gqQ","Wi-Fi","free"
"CqhsIZ7TzCfJTrZqg5-gqQ","Good For Dancing","false"
"CqhsIZ7TzCfJTrZqg5-gqQ","Good For Kids","false"
"rV1WnfnwepMajkwY4Vtoag","Accepts Credit Cards","true"
"_yGo2ubkwQPXcKrdcURSNw","Accepts Credit Cards","true"
"_yGo2ubkwQPXcKrdcURSNw","Price Range","3"
"_yGo2ubkwQPXcKrdcURSNw","Wi-Fi","paid"
"hBhIdGHnOrybzw-VuGuBig","By Appointment Only","false"
"ChmqODwuYP1ewjmWXtxtsg","Alcohol","beer_and_wine"
"ChmqODwuYP1ewjmWXtxtsg","Waiter Service","true"
"ChmqODwuYP1ewjmWXtxtsg","Attire","casual"
"ChmqODwuYP1ewjmWXtxtsg","Delivery","false"
"ChmqODwuYP1ewjmWXtxtsg","Good for Kids","true"
"ChmqODwuYP1ewjmWXtxtsg","Take-out","true"
"ChmqODwuYP1ewjmWXtxtsg","Accepts Credit Cards","true"
"ChmqODwuYP1ewjmWXtxtsg","Price Range","2"
"ChmqODwuYP1ewjmWXtxtsg","Takes Reservations","true"
"ChmqODwuYP1ewjmWXtxtsg","Caters","true"
"ChmqODwuYP1ewjmWXtxtsg","Noise Level","average"
"ChmqODwuYP1ewjmWXtxtsg","Has TV","false"
"ChmqODwuYP1ewjmWXtxtsg","Wheelchair Accessible","true"
"ChmqODwuYP1ewjmWXtxtsg","Good For Groups","true"
"ChmqODwuYP1ewjmWXtxtsg","Outdoor Seating","false"
"ChmqODwuYP1ewjmWXtxtsg","Wi-Fi","no"
"nBqXILuCGVZ4-aPuRKjCCg","Waiter Service","false"
"nBqXILuCGVZ4-aPuRKjCCg","Attire","casual"
"nBqXILuCGVZ4-aPuRKjCCg","Good for Kids","true"
"nBqXILuCGVZ4-aPuRKjCCg","Has TV","true"
"nBqXILuCGVZ4-aPuRKjCCg","Good For Groups","true"
"nBqXILuCGVZ4-aPuRKjCCg","Outdoor Seating","false"
"nBqXILuCGVZ4-aPuRKjCCg","Takes Reservations","false"
"IW9yHeqnFCEbO5s1UCrqeA","Wheelchair Accessible","true"
"IW9yHeqnFCEbO5s1UCrqeA","Accepts Credit Cards","true"
"IW9yHeqnFCEbO5s1UCrqeA","Price Range","1"
"GtSBeSaMK9aNJT8Ka4GkDQ","By Appointment Only","true"
"2Bd3gy5lmINZ-2QxXVRLdA","Accepts Credit Cards","true"
"2Bd3gy5lmINZ-2QxXVRLdA","Price Range","1"
"2Bd3gy5lmINZ-2QxXVRLdA","Outdoor Seating","true"
"2Bd3gy5lmINZ-2QxXVRLdA","Wi-Fi","free"
"Xa-NZsGIIU9BWrFetK0EvA","Accepts Credit Cards","true"
"Xa-NZsGIIU9BWrFetK0EvA","Price Range","3"
"-KF9RQPkmIOHfE0tzUu9bg","Wheelchair Accessible","true"
"-KF9RQPkmIOHfE0tzUu9bg","Accepts Credit Cards","true"
"-KF9RQPkmIOHfE0tzUu9bg","Outdoor Seating","true"
"-KF9RQPkmIOHfE0tzUu9bg","Price Range","1"
"-KF9RQPkmIOHfE0tzUu9bg","Wi-Fi","no"
"6w_k3NCXF_p8UTWDxpOF5w","Delivery","true"
"6w_k3NCXF_p8UTWDxpOF5w","Attire","casual"
"6w_k3NCXF_p8UTWDxpOF5w","Good for Kids","true"
"6w_k3NCXF_p8UTWDxpOF5w","Take-out","true"
"6w_k3NCXF_p8UTWDxpOF5w","Accepts Credit Cards","true"
"6w_k3NCXF_p8UTWDxpOF5w","Takes Reservations","false"
"6w_k3NCXF_p8UTWDxpOF5w","Caters","true"
"6w_k3NCXF_p8UTWDxpOF5w","Noise Level","average"
"6w_k3NCXF_p8UTWDxpOF5w","Has TV","false"
"6w_k3NCXF_p8UTWDxpOF5w","Good For Groups","true"
"6w_k3NCXF_p8UTWDxpOF5w","Outdoor Seating","false"
"8ZFPlegggez_VSoBoqRFvg","Price Range","1"
"yvSVDO3llx9Eg2lNreJqmg","Accepts Credit Cards","true"
"yvSVDO3llx9Eg2lNreJqmg","Price Range","2"
"Atbyj1_dXFUDysgvGKMdbw","By Appointment Only","false"
"Atbyj1_dXFUDysgvGKMdbw","Accepts Credit Cards","true"
"Atbyj1_dXFUDysgvGKMdbw","Price Range","2"
"1zM7busmXUfYrbNiIHIcuw","Good for Kids","true"
"MwIM3O0p8V_y2ttXz0_xGw","By Appointment Only","true"
"MFxhYRVqFcEZC009-6yfOw","Good for Kids","true"
"_DZfwU9dE9Q5I1-1jiM1vQ","Alcohol","full_bar"
"_DZfwU9dE9Q5I1-1jiM1vQ","Waiter Service","true"
"_DZfwU9dE9Q5I1-1jiM1vQ","Attire","casual"
"_DZfwU9dE9Q5I1-1jiM1vQ","Delivery","true"
"_DZfwU9dE9Q5I1-1jiM1vQ","Good for Kids","false"
"_DZfwU9dE9Q5I1-1jiM1vQ","Take-out","true"
"_DZfwU9dE9Q5I1-1jiM1vQ","Accepts Credit Cards","true"
"_DZfwU9dE9Q5I1-1jiM1vQ","Price Range","2"
"_DZfwU9dE9Q5I1-1jiM1vQ","Takes Reservations","false"
"_DZfwU9dE9Q5I1-1jiM1vQ","Smoking","yes"
"_DZfwU9dE9Q5I1-1jiM1vQ","Caters","false"
"_DZfwU9dE9Q5I1-1jiM1vQ","Noise Level","quiet"
"_DZfwU9dE9Q5I1-1jiM1vQ","Has TV","true"
"_DZfwU9dE9Q5I1-1jiM1vQ","Good For Groups","false"
"_DZfwU9dE9Q5I1-1jiM1vQ","Outdoor Seating","false"
"_DZfwU9dE9Q5I1-1jiM1vQ","Wi-Fi","no"
"_DZfwU9dE9Q5I1-1jiM1vQ","Good For Dancing","true"
"i52eORoeWujZ9y_w3Dos5Q","Wheelchair Accessible","true"
"i52eORoeWujZ9y_w3Dos5Q","Accepts Credit Cards","true"
"i52eORoeWujZ9y_w3Dos5Q","Price Range","2"
"AZqwEahCRmVpyMm-OzueGQ","By Appointment Only","false"
"AZqwEahCRmVpyMm-OzueGQ","Accepts Credit Cards","true"
"AZqwEahCRmVpyMm-OzueGQ","Price Range","2"
"z4GddMQN7_GqT8SYj4S0aw","Good for Kids","true"
"9ggd0DySEZNw990JGaFSQQ","Open 24 Hours","false"
"9ggd0DySEZNw990JGaFSQQ","Wheelchair Accessible","true"
"9ggd0DySEZNw990JGaFSQQ","Accepts Credit Cards","true"
"9ggd0DySEZNw990JGaFSQQ","Price Range","2"
"lK408BRA42pDIwk89dxSVQ","Accepts Credit Cards","true"
"lK408BRA42pDIwk89dxSVQ","Price Range","2"
"lK408BRA42pDIwk89dxSVQ","Wi-Fi","free"
"sSJeLgg3bQTR3vHkkJd9rQ","Accepts Credit Cards","true"
"sSJeLgg3bQTR3vHkkJd9rQ","Price Range","2"
"9nJi8n5l7ufJZ9PbhNJT8w","Accepts Credit Cards","true"
"9nJi8n5l7ufJZ9PbhNJT8w","Price Range","2"
"EeQlS9VLlfWT25-MeYsJTg","Alcohol","beer_and_wine"
"EeQlS9VLlfWT25-MeYsJTg","Waiter Service","false"
"EeQlS9VLlfWT25-MeYsJTg","Delivery","false"
"EeQlS9VLlfWT25-MeYsJTg","Attire","casual"
"EeQlS9VLlfWT25-MeYsJTg","Good for Kids","true"
"EeQlS9VLlfWT25-MeYsJTg","Take-out","true"
"EeQlS9VLlfWT25-MeYsJTg","Accepts Credit Cards","true"
"EeQlS9VLlfWT25-MeYsJTg","Price Range","1"
"EeQlS9VLlfWT25-MeYsJTg","Takes Reservations","false"
"EeQlS9VLlfWT25-MeYsJTg","Caters","true"
"EeQlS9VLlfWT25-MeYsJTg","Has TV","false"
"EeQlS9VLlfWT25-MeYsJTg","Wheelchair Accessible","true"
"EeQlS9VLlfWT25-MeYsJTg","Good For Groups","false"
"EeQlS9VLlfWT25-MeYsJTg","Outdoor Seating","true"
"4lmMryYEDFbRVLAJVSTKEg","By Appointment Only","false"
"4lmMryYEDFbRVLAJVSTKEg","Accepts Credit Cards","true"
"4lmMryYEDFbRVLAJVSTKEg","Price Range","2"
"yC3ydbHAJTZ22FZp4LynFg","Alcohol","none"
"yC3ydbHAJTZ22FZp4LynFg","Waiter Service","false"
"yC3ydbHAJTZ22FZp4LynFg","Attire","casual"
"yC3ydbHAJTZ22FZp4LynFg","Delivery","false"
"yC3ydbHAJTZ22FZp4LynFg","Good for Kids","true"
"yC3ydbHAJTZ22FZp4LynFg","Take-out","true"
"yC3ydbHAJTZ22FZp4LynFg","Accepts Credit Cards","true"
"yC3ydbHAJTZ22FZp4LynFg","Price Range","1"
"yC3ydbHAJTZ22FZp4LynFg","Takes Reservations","false"
"yC3ydbHAJTZ22FZp4LynFg","Caters","true"
"yC3ydbHAJTZ22FZp4LynFg","Noise Level","quiet"
"yC3ydbHAJTZ22FZp4LynFg","Has TV","true"
"yC3ydbHAJTZ22FZp4LynFg","Wheelchair Accessible","true"
"yC3ydbHAJTZ22FZp4LynFg","Good For Groups","true"
"yC3ydbHAJTZ22FZp4LynFg","Outdoor Seating","false"
"yC3ydbHAJTZ22FZp4LynFg","Wi-Fi","no"
"XRdwAqzuG_SwVFFlOzLmEQ","Smoking","outdoor"
"XRdwAqzuG_SwVFFlOzLmEQ","Alcohol","full_bar"
"XRdwAqzuG_SwVFFlOzLmEQ","Noise Level","loud"
"XRdwAqzuG_SwVFFlOzLmEQ","Has TV","true"
"XRdwAqzuG_SwVFFlOzLmEQ","Good For Groups","true"
"XRdwAqzuG_SwVFFlOzLmEQ","Accepts Credit Cards","true"
"XRdwAqzuG_SwVFFlOzLmEQ","Outdoor Seating","true"
"XRdwAqzuG_SwVFFlOzLmEQ","Takes Reservations","true"
"XRdwAqzuG_SwVFFlOzLmEQ","Good For Dancing","false"
"vSFo-dxhQN9gWMaGdiNNFQ","Accepts Credit Cards","true"
"fHssE8P0JYd4sEcMTR9WdQ","By Appointment Only","false"
"fHssE8P0JYd4sEcMTR9WdQ","Accepts Credit Cards","true"
"fHssE8P0JYd4sEcMTR9WdQ","Price Range","1"
"IWwt0vm8lYbVoyGSPd2Z9A","Coat Check","false"
"IWwt0vm8lYbVoyGSPd2Z9A","Alcohol","beer_and_wine"
"IWwt0vm8lYbVoyGSPd2Z9A","Waiter Service","false"
"IWwt0vm8lYbVoyGSPd2Z9A","Happy Hour","false"
"IWwt0vm8lYbVoyGSPd2Z9A","Attire","casual"
"IWwt0vm8lYbVoyGSPd2Z9A","Delivery","false"
"IWwt0vm8lYbVoyGSPd2Z9A","Good for Kids","true"
"IWwt0vm8lYbVoyGSPd2Z9A","Take-out","true"
"IWwt0vm8lYbVoyGSPd2Z9A","Accepts Credit Cards","true"
"IWwt0vm8lYbVoyGSPd2Z9A","Price Range","2"
"IWwt0vm8lYbVoyGSPd2Z9A","Takes Reservations","false"
"IWwt0vm8lYbVoyGSPd2Z9A","Smoking","no"
"IWwt0vm8lYbVoyGSPd2Z9A","Caters","true"
"IWwt0vm8lYbVoyGSPd2Z9A","Noise Level","average"
"IWwt0vm8lYbVoyGSPd2Z9A","Has TV","true"
"IWwt0vm8lYbVoyGSPd2Z9A","Good For Groups","true"
"IWwt0vm8lYbVoyGSPd2Z9A","Outdoor Seating","true"
"IWwt0vm8lYbVoyGSPd2Z9A","Wi-Fi","no"
"IWwt0vm8lYbVoyGSPd2Z9A","Good For Dancing","false"
"oxsCvEkQNNIbOPDt_QK_0A","Alcohol","full_bar"
"oxsCvEkQNNIbOPDt_QK_0A","Open 24 Hours","false"
"oxsCvEkQNNIbOPDt_QK_0A","Waiter Service","true"
"oxsCvEkQNNIbOPDt_QK_0A","Delivery","false"
"oxsCvEkQNNIbOPDt_QK_0A","Attire","casual"
"oxsCvEkQNNIbOPDt_QK_0A","Good for Kids","true"
"oxsCvEkQNNIbOPDt_QK_0A","Take-out","true"
"oxsCvEkQNNIbOPDt_QK_0A","Accepts Credit Cards","true"
"oxsCvEkQNNIbOPDt_QK_0A","Price Range","2"
"oxsCvEkQNNIbOPDt_QK_0A","Takes Reservations","true"
"oxsCvEkQNNIbOPDt_QK_0A","Noise Level","quiet"
"oxsCvEkQNNIbOPDt_QK_0A","Wheelchair Accessible","true"
"oxsCvEkQNNIbOPDt_QK_0A","Good For Groups","true"
"oxsCvEkQNNIbOPDt_QK_0A","Outdoor Seating","true"
"oxsCvEkQNNIbOPDt_QK_0A","Good For Kids","true"
"tXYFkBqCwAvIj-fqJXlSvQ","Accepts Credit Cards","true"
"tXYFkBqCwAvIj-fqJXlSvQ","Price Range","2"
"tXYFkBqCwAvIj-fqJXlSvQ","Wi-Fi","free"
"pSiR8m18iick2D7TFdmb-Q","Alcohol","beer_and_wine"
"pSiR8m18iick2D7TFdmb-Q","Waiter Service","true"
"pSiR8m18iick2D7TFdmb-Q","Attire","casual"
"pSiR8m18iick2D7TFdmb-Q","Delivery","true"
"pSiR8m18iick2D7TFdmb-Q","Good for Kids","true"
"pSiR8m18iick2D7TFdmb-Q","Take-out","true"
"pSiR8m18iick2D7TFdmb-Q","Accepts Credit Cards","true"
"pSiR8m18iick2D7TFdmb-Q","Price Range","2"
"pSiR8m18iick2D7TFdmb-Q","Takes Reservations","true"
"pSiR8m18iick2D7TFdmb-Q","Caters","false"
"pSiR8m18iick2D7TFdmb-Q","Noise Level","quiet"
"pSiR8m18iick2D7TFdmb-Q","Has TV","false"
"pSiR8m18iick2D7TFdmb-Q","Wheelchair Accessible","true"
"pSiR8m18iick2D7TFdmb-Q","Good For Groups","true"
"pSiR8m18iick2D7TFdmb-Q","Outdoor Seating","false"
"pSiR8m18iick2D7TFdmb-Q","Wi-Fi","no"
"pSiR8m18iick2D7TFdmb-Q","Good For Kids","true"
"GBN0-wo_cHLnC_pwoOTIFQ","Alcohol","none"
"GBN0-wo_cHLnC_pwoOTIFQ","Waiter Service","false"
"GBN0-wo_cHLnC_pwoOTIFQ","Delivery","true"
"GBN0-wo_cHLnC_pwoOTIFQ","Attire","casual"
"GBN0-wo_cHLnC_pwoOTIFQ","Good for Kids","true"
"GBN0-wo_cHLnC_pwoOTIFQ","Take-out","true"
"GBN0-wo_cHLnC_pwoOTIFQ","Accepts Credit Cards","true"
"GBN0-wo_cHLnC_pwoOTIFQ","Price Range","1"
"GBN0-wo_cHLnC_pwoOTIFQ","Takes Reservations","false"
"GBN0-wo_cHLnC_pwoOTIFQ","Noise Level","quiet"
"GBN0-wo_cHLnC_pwoOTIFQ","Has TV","false"
"GBN0-wo_cHLnC_pwoOTIFQ","Wheelchair Accessible","true"
"GBN0-wo_cHLnC_pwoOTIFQ","Good For Groups","true"
"GBN0-wo_cHLnC_pwoOTIFQ","Outdoor Seating","false"
"-NrEcXQ0qioMwkRsgoq8Kw","Accepts Credit Cards","true"
"rO1BrNjNKcbPlyAdhjGTiw","Accepts Credit Cards","true"
"-8Z6AiHwXInpnl6Q1Ey_5w","Wheelchair Accessible","true"
"-8Z6AiHwXInpnl6Q1Ey_5w","Accepts Credit Cards","true"
"-8Z6AiHwXInpnl6Q1Ey_5w","Price Range","2"
"iZpgRNPogioU5sEaDyl5uw","Alcohol","none"
"iZpgRNPogioU5sEaDyl5uw","Waiter Service","false"
"iZpgRNPogioU5sEaDyl5uw","Attire","casual"
"iZpgRNPogioU5sEaDyl5uw","Delivery","true"
"iZpgRNPogioU5sEaDyl5uw","Good for Kids","true"
"iZpgRNPogioU5sEaDyl5uw","Take-out","true"
"iZpgRNPogioU5sEaDyl5uw","Accepts Credit Cards","true"
"iZpgRNPogioU5sEaDyl5uw","Price Range","1"
"iZpgRNPogioU5sEaDyl5uw","Takes Reservations","false"
"iZpgRNPogioU5sEaDyl5uw","Caters","false"
"iZpgRNPogioU5sEaDyl5uw","Noise Level","quiet"
"iZpgRNPogioU5sEaDyl5uw","Has TV","true"
"iZpgRNPogioU5sEaDyl5uw","Wheelchair Accessible","true"
"iZpgRNPogioU5sEaDyl5uw","Good For Groups","false"
"iZpgRNPogioU5sEaDyl5uw","Outdoor Seating","false"
"iZpgRNPogioU5sEaDyl5uw","Wi-Fi","no"
"lLC7pJSpnF9CDfL9Gbg-Sg","Accepts Credit Cards","false"
"lLC7pJSpnF9CDfL9Gbg-Sg","Price Range","1"
"Fo1ttGuJfqKkbUCBVSNxXg","Accepts Credit Cards","true"
"Fo1ttGuJfqKkbUCBVSNxXg","Price Range","2"
"-_K8AE722c1u9Dsa8jo_vg","Wheelchair Accessible","true"
"-_K8AE722c1u9Dsa8jo_vg","Dogs Allowed","true"
"-_K8AE722c1u9Dsa8jo_vg","Accepts Credit Cards","true"
"-_K8AE722c1u9Dsa8jo_vg","Price Range","3"
"Cr2JNnewX53TYd9w6qw6Jw","Alcohol","none"
"Cr2JNnewX53TYd9w6qw6Jw","Waiter Service","false"
"Cr2JNnewX53TYd9w6qw6Jw","Attire","casual"
"Cr2JNnewX53TYd9w6qw6Jw","Delivery","false"
"Cr2JNnewX53TYd9w6qw6Jw","Good for Kids","true"
"Cr2JNnewX53TYd9w6qw6Jw","Drive-Thru","false"
"Cr2JNnewX53TYd9w6qw6Jw","Take-out","true"
"Cr2JNnewX53TYd9w6qw6Jw","Accepts Credit Cards","true"
"Cr2JNnewX53TYd9w6qw6Jw","Price Range","1"
"Cr2JNnewX53TYd9w6qw6Jw","Takes Reservations","false"
"Cr2JNnewX53TYd9w6qw6Jw","Caters","false"
"Cr2JNnewX53TYd9w6qw6Jw","Noise Level","average"
"Cr2JNnewX53TYd9w6qw6Jw","Has TV","false"
"Cr2JNnewX53TYd9w6qw6Jw","Good For Groups","true"
"Cr2JNnewX53TYd9w6qw6Jw","Outdoor Seating","true"
"Cr2JNnewX53TYd9w6qw6Jw","Wi-Fi","no"
"04SKYBXRAqeYIuuVDzwKNg","Alcohol","beer_and_wine"
"04SKYBXRAqeYIuuVDzwKNg","Waiter Service","false"
"04SKYBXRAqeYIuuVDzwKNg","Delivery","false"
"04SKYBXRAqeYIuuVDzwKNg","Attire","casual"
"04SKYBXRAqeYIuuVDzwKNg","Good for Kids","true"
"04SKYBXRAqeYIuuVDzwKNg","Take-out","true"
"04SKYBXRAqeYIuuVDzwKNg","Accepts Credit Cards","true"
"04SKYBXRAqeYIuuVDzwKNg","Price Range","1"
"04SKYBXRAqeYIuuVDzwKNg","Takes Reservations","false"
"04SKYBXRAqeYIuuVDzwKNg","BYOB","false"
"04SKYBXRAqeYIuuVDzwKNg","BYOB/Corkage","no"
"04SKYBXRAqeYIuuVDzwKNg","Wheelchair Accessible","true"
"04SKYBXRAqeYIuuVDzwKNg","Good For Groups","true"
"04SKYBXRAqeYIuuVDzwKNg","Outdoor Seating","false"
"U9mhPrFfu-r-Z-HiGDU7YA","By Appointment Only","true"
"NQ9k6FFG5IkylMdM8cQnmQ","Wheelchair Accessible","true"
"NQ9k6FFG5IkylMdM8cQnmQ","Dogs Allowed","true"
"NQ9k6FFG5IkylMdM8cQnmQ","Accepts Credit Cards","true"
"NQ9k6FFG5IkylMdM8cQnmQ","Price Range","2"
"C5u1iFCgPp5wENbxaqIQPA","Accepts Credit Cards","true"
"DDnmNTvIIQu2t3WZ2EQx-w","Alcohol","full_bar"
"DDnmNTvIIQu2t3WZ2EQx-w","Waiter Service","true"
"DDnmNTvIIQu2t3WZ2EQx-w","Attire","casual"
"DDnmNTvIIQu2t3WZ2EQx-w","Delivery","false"
"DDnmNTvIIQu2t3WZ2EQx-w","Good for Kids","true"
"DDnmNTvIIQu2t3WZ2EQx-w","Take-out","true"
"DDnmNTvIIQu2t3WZ2EQx-w","Accepts Credit Cards","true"
"DDnmNTvIIQu2t3WZ2EQx-w","Price Range","2"
"DDnmNTvIIQu2t3WZ2EQx-w","Takes Reservations","true"
"DDnmNTvIIQu2t3WZ2EQx-w","Caters","true"
"DDnmNTvIIQu2t3WZ2EQx-w","Noise Level","average"
"DDnmNTvIIQu2t3WZ2EQx-w","Has TV","true"
"DDnmNTvIIQu2t3WZ2EQx-w","BYOB/Corkage","no"
"DDnmNTvIIQu2t3WZ2EQx-w","Wheelchair Accessible","true"
"DDnmNTvIIQu2t3WZ2EQx-w","Good For Groups","true"
"DDnmNTvIIQu2t3WZ2EQx-w","Outdoor Seating","true"
"DDnmNTvIIQu2t3WZ2EQx-w","Wi-Fi","no"
"Ih1TGSZyu2Q8htn2JA4tIA","Alcohol","full_bar"
"Ih1TGSZyu2Q8htn2JA4tIA","Waiter Service","true"
"Ih1TGSZyu2Q8htn2JA4tIA","Attire","casual"
"Ih1TGSZyu2Q8htn2JA4tIA","Delivery","false"
"Ih1TGSZyu2Q8htn2JA4tIA","Good for Kids","true"
"Ih1TGSZyu2Q8htn2JA4tIA","Take-out","true"
"Ih1TGSZyu2Q8htn2JA4tIA","Accepts Credit Cards","true"
"Ih1TGSZyu2Q8htn2JA4tIA","Price Range","2"
"Ih1TGSZyu2Q8htn2JA4tIA","Takes Reservations","true"
"Ih1TGSZyu2Q8htn2JA4tIA","Caters","false"
"Ih1TGSZyu2Q8htn2JA4tIA","Noise Level","quiet"
"Ih1TGSZyu2Q8htn2JA4tIA","Has TV","false"
"Ih1TGSZyu2Q8htn2JA4tIA","Wheelchair Accessible","true"
"Ih1TGSZyu2Q8htn2JA4tIA","Good For Groups","true"
"Ih1TGSZyu2Q8htn2JA4tIA","Outdoor Seating","false"
"Ih1TGSZyu2Q8htn2JA4tIA","Wi-Fi","no"
"FCcFT610nQBVcRdY-devQA","Coat Check","false"
"FCcFT610nQBVcRdY-devQA","Alcohol","full_bar"
"FCcFT610nQBVcRdY-devQA","Waiter Service","true"
"FCcFT610nQBVcRdY-devQA","Happy Hour","true"
"FCcFT610nQBVcRdY-devQA","Attire","casual"
"FCcFT610nQBVcRdY-devQA","Delivery","false"
"FCcFT610nQBVcRdY-devQA","Good for Kids","false"
"FCcFT610nQBVcRdY-devQA","Take-out","false"
"FCcFT610nQBVcRdY-devQA","Accepts Credit Cards","true"
"FCcFT610nQBVcRdY-devQA","Price Range","2"
"FCcFT610nQBVcRdY-devQA","Takes Reservations","true"
"FCcFT610nQBVcRdY-devQA","Smoking","outdoor"
"FCcFT610nQBVcRdY-devQA","Caters","false"
"FCcFT610nQBVcRdY-devQA","Noise Level","average"
"FCcFT610nQBVcRdY-devQA","Has TV","true"
"FCcFT610nQBVcRdY-devQA","Good For Groups","true"
"FCcFT610nQBVcRdY-devQA","Outdoor Seating","true"
"FCcFT610nQBVcRdY-devQA","Wi-Fi","free"
"FCcFT610nQBVcRdY-devQA","Good For Dancing","false"
"6n_YkYKnr5clOlVZ5Kerxw","By Appointment Only","true"
"50cJrzHLMDQiazc-w0V2gA","Dogs Allowed","true"
"50cJrzHLMDQiazc-w0V2gA","Accepts Credit Cards","true"
"50cJrzHLMDQiazc-w0V2gA","Price Range","2"
"50cJrzHLMDQiazc-w0V2gA","Wi-Fi","free"
"532kW_MNHlg64rz0eIn-ug","By Appointment Only","true"
"w5UduCXEjPr-uSmib5oPAw","Alcohol","full_bar"
"w5UduCXEjPr-uSmib5oPAw","Waiter Service","true"
"w5UduCXEjPr-uSmib5oPAw","Delivery","false"
"w5UduCXEjPr-uSmib5oPAw","Attire","casual"
"w5UduCXEjPr-uSmib5oPAw","Good for Kids","false"
"w5UduCXEjPr-uSmib5oPAw","Take-out","true"
"w5UduCXEjPr-uSmib5oPAw","Accepts Credit Cards","true"
"w5UduCXEjPr-uSmib5oPAw","Price Range","3"
"w5UduCXEjPr-uSmib5oPAw","Takes Reservations","true"
"w5UduCXEjPr-uSmib5oPAw","Order at Counter","false"
"w5UduCXEjPr-uSmib5oPAw","Wheelchair Accessible","true"
"w5UduCXEjPr-uSmib5oPAw","Good For Groups","true"
"w5UduCXEjPr-uSmib5oPAw","Good For Kids","false"
"2yMqb2Ey4PspeyLn4y2dHQ","Wheelchair Accessible","true"
"2yMqb2Ey4PspeyLn4y2dHQ","Accepts Credit Cards","true"
"2yMqb2Ey4PspeyLn4y2dHQ","Price Range","2"
"X_J65cnN3jJWGYacyNwKGg","Alcohol","none"
"X_J65cnN3jJWGYacyNwKGg","Waiter Service","true"
"X_J65cnN3jJWGYacyNwKGg","Attire","casual"
"X_J65cnN3jJWGYacyNwKGg","Delivery","true"
"X_J65cnN3jJWGYacyNwKGg","Good for Kids","true"
"X_J65cnN3jJWGYacyNwKGg","Dogs Allowed","false"
"X_J65cnN3jJWGYacyNwKGg","Take-out","true"
"X_J65cnN3jJWGYacyNwKGg","Accepts Credit Cards","true"
"X_J65cnN3jJWGYacyNwKGg","Price Range","1"
"X_J65cnN3jJWGYacyNwKGg","Takes Reservations","false"
"X_J65cnN3jJWGYacyNwKGg","Caters","true"
"X_J65cnN3jJWGYacyNwKGg","Noise Level","average"
"X_J65cnN3jJWGYacyNwKGg","Has TV","false"
"X_J65cnN3jJWGYacyNwKGg","Wheelchair Accessible","true"
"X_J65cnN3jJWGYacyNwKGg","Good For Groups","true"
"X_J65cnN3jJWGYacyNwKGg","Outdoor Seating","false"
"X_J65cnN3jJWGYacyNwKGg","Wi-Fi","no"
"n6eQomjE3b7k3TqqD0kY6g","Wheelchair Accessible","true"
"n6eQomjE3b7k3TqqD0kY6g","Accepts Credit Cards","true"
"n6eQomjE3b7k3TqqD0kY6g","Price Range","2"
"vfzUNcV9B3RhDyuZp0I1pQ","Alcohol","full_bar"
"vfzUNcV9B3RhDyuZp0I1pQ","Waiter Service","true"
"vfzUNcV9B3RhDyuZp0I1pQ","Attire","casual"
"vfzUNcV9B3RhDyuZp0I1pQ","Delivery","false"
"vfzUNcV9B3RhDyuZp0I1pQ","Good for Kids","true"
"vfzUNcV9B3RhDyuZp0I1pQ","Take-out","true"
"vfzUNcV9B3RhDyuZp0I1pQ","Accepts Credit Cards","true"
"vfzUNcV9B3RhDyuZp0I1pQ","Price Range","2"
"vfzUNcV9B3RhDyuZp0I1pQ","Takes Reservations","false"
"vfzUNcV9B3RhDyuZp0I1pQ","Caters","false"
"vfzUNcV9B3RhDyuZp0I1pQ","Noise Level","loud"
"vfzUNcV9B3RhDyuZp0I1pQ","Has TV","true"
"vfzUNcV9B3RhDyuZp0I1pQ","Wheelchair Accessible","true"
"vfzUNcV9B3RhDyuZp0I1pQ","Good For Groups","true"
"vfzUNcV9B3RhDyuZp0I1pQ","Outdoor Seating","false"
"vfzUNcV9B3RhDyuZp0I1pQ","Wi-Fi","no"
"vfzUNcV9B3RhDyuZp0I1pQ","Good For Kids","true"
"X4lwZ6Msx9GvpDBElqsv8A","Accepts Credit Cards","true"
"X4lwZ6Msx9GvpDBElqsv8A","Price Range","2"
"r_0k2yqAo1Z4tg_IgXr7Jg","Wheelchair Accessible","true"
"r_0k2yqAo1Z4tg_IgXr7Jg","Accepts Credit Cards","true"
"r_0k2yqAo1Z4tg_IgXr7Jg","Price Range","1"
"r_0k2yqAo1Z4tg_IgXr7Jg","Wi-Fi","free"
"7CaKZrLu_f0I4hkngBGxUA","By Appointment Only","false"
"7CaKZrLu_f0I4hkngBGxUA","Accepts Credit Cards","true"
"7CaKZrLu_f0I4hkngBGxUA","Price Range","2"
"7CaKZrLu_f0I4hkngBGxUA","Accepts Insurance","false"
"qK8WUOFeXavZ6q4sYNNLhw","Price Range","2"
"Y1eMoHPnhwoOcYsKxGl74g","Wheelchair Accessible","true"
"Y1eMoHPnhwoOcYsKxGl74g","Accepts Credit Cards","true"
"Y1eMoHPnhwoOcYsKxGl74g","Price Range","2"
"KKAbuwTTB1aNFSj8XpnEpw","Price Range","2"
"qjmCVYkwP-HDa35jwYucbQ","Alcohol","full_bar"
"qjmCVYkwP-HDa35jwYucbQ","Waiter Service","true"
"qjmCVYkwP-HDa35jwYucbQ","Attire","casual"
"qjmCVYkwP-HDa35jwYucbQ","Delivery","false"
"qjmCVYkwP-HDa35jwYucbQ","Good for Kids","true"
"qjmCVYkwP-HDa35jwYucbQ","Take-out","true"
"qjmCVYkwP-HDa35jwYucbQ","Accepts Credit Cards","true"
"qjmCVYkwP-HDa35jwYucbQ","Price Range","2"
"qjmCVYkwP-HDa35jwYucbQ","Takes Reservations","true"
"qjmCVYkwP-HDa35jwYucbQ","Caters","false"
"qjmCVYkwP-HDa35jwYucbQ","Noise Level","average"
"qjmCVYkwP-HDa35jwYucbQ","Has TV","false"
"qjmCVYkwP-HDa35jwYucbQ","Wheelchair Accessible","true"
"qjmCVYkwP-HDa35jwYucbQ","Good For Groups","true"
"qjmCVYkwP-HDa35jwYucbQ","Outdoor Seating","true"
"qjmCVYkwP-HDa35jwYucbQ","Wi-Fi","no"
"r2DS-PqOMA35EssB47SWNg","Alcohol","none"
"r2DS-PqOMA35EssB47SWNg","Waiter Service","false"
"r2DS-PqOMA35EssB47SWNg","Delivery","false"
"r2DS-PqOMA35EssB47SWNg","Attire","casual"
"r2DS-PqOMA35EssB47SWNg","Good for Kids","true"
"r2DS-PqOMA35EssB47SWNg","Take-out","true"
"r2DS-PqOMA35EssB47SWNg","Accepts Credit Cards","true"
"r2DS-PqOMA35EssB47SWNg","Price Range","1"
"r2DS-PqOMA35EssB47SWNg","Caters","true"
"r2DS-PqOMA35EssB47SWNg","Noise Level","average"
"r2DS-PqOMA35EssB47SWNg","Has TV","false"
"r2DS-PqOMA35EssB47SWNg","Good For Groups","false"
"r2DS-PqOMA35EssB47SWNg","Outdoor Seating","true"
"r2DS-PqOMA35EssB47SWNg","Wi-Fi","free"
"07UqHgBkJ4Kach2sVT2FdQ","Accepts Credit Cards","true"
"Xqh9wCLzlt7ChkrV9BdR2Q","Alcohol","none"
"Xqh9wCLzlt7ChkrV9BdR2Q","Waiter Service","false"
"Xqh9wCLzlt7ChkrV9BdR2Q","Delivery","true"
"Xqh9wCLzlt7ChkrV9BdR2Q","Attire","casual"
"Xqh9wCLzlt7ChkrV9BdR2Q","Good for Kids","false"
"Xqh9wCLzlt7ChkrV9BdR2Q","Take-out","true"
"Xqh9wCLzlt7ChkrV9BdR2Q","Accepts Credit Cards","true"
"Xqh9wCLzlt7ChkrV9BdR2Q","Price Range","1"
"Xqh9wCLzlt7ChkrV9BdR2Q","Takes Reservations","false"
"Xqh9wCLzlt7ChkrV9BdR2Q","Wheelchair Accessible","false"
"Xqh9wCLzlt7ChkrV9BdR2Q","Good For Groups","false"
"Xqh9wCLzlt7ChkrV9BdR2Q","Outdoor Seating","false"
"Jje3kP5CNasYDSpH0NPRGQ","Alcohol","beer_and_wine"
"Jje3kP5CNasYDSpH0NPRGQ","Waiter Service","true"
"Jje3kP5CNasYDSpH0NPRGQ","Delivery","true"
"Jje3kP5CNasYDSpH0NPRGQ","Attire","casual"
"Jje3kP5CNasYDSpH0NPRGQ","Good for Kids","true"
"Jje3kP5CNasYDSpH0NPRGQ","Take-out","true"
"Jje3kP5CNasYDSpH0NPRGQ","Accepts Credit Cards","true"
"Jje3kP5CNasYDSpH0NPRGQ","Price Range","2"
"Jje3kP5CNasYDSpH0NPRGQ","Noise Level","average"
"Jje3kP5CNasYDSpH0NPRGQ","Has TV","true"
"Jje3kP5CNasYDSpH0NPRGQ","Wheelchair Accessible","true"
"Jje3kP5CNasYDSpH0NPRGQ","Good For Groups","true"
"Jje3kP5CNasYDSpH0NPRGQ","Outdoor Seating","true"
"Jje3kP5CNasYDSpH0NPRGQ","Wi-Fi","paid"
"k8B-ZZZezlXYLE7YC7FvQg","Accepts Credit Cards","true"
"vYTzbaemujdD4K4p18hNlw","By Appointment Only","true"
"zRxSXco0Fs42aPzR6rJSzw","By Appointment Only","true"
"zRxSXco0Fs42aPzR6rJSzw","Accepts Credit Cards","true"
"zRxSXco0Fs42aPzR6rJSzw","Price Range","2"
"y3V2jqKmvWjyo9Mc-Ipn4g","Alcohol","beer_and_wine"
"y3V2jqKmvWjyo9Mc-Ipn4g","Waiter Service","true"
"y3V2jqKmvWjyo9Mc-Ipn4g","Attire","casual"
"y3V2jqKmvWjyo9Mc-Ipn4g","Delivery","false"
"y3V2jqKmvWjyo9Mc-Ipn4g","Good for Kids","true"
"y3V2jqKmvWjyo9Mc-Ipn4g","Take-out","true"
"y3V2jqKmvWjyo9Mc-Ipn4g","Accepts Credit Cards","true"
"y3V2jqKmvWjyo9Mc-Ipn4g","Price Range","2"
"y3V2jqKmvWjyo9Mc-Ipn4g","Takes Reservations","true"
"y3V2jqKmvWjyo9Mc-Ipn4g","Noise Level","quiet"
"y3V2jqKmvWjyo9Mc-Ipn4g","Has TV","false"
"y3V2jqKmvWjyo9Mc-Ipn4g","Wheelchair Accessible","true"
"y3V2jqKmvWjyo9Mc-Ipn4g","Good For Groups","true"
"y3V2jqKmvWjyo9Mc-Ipn4g","Outdoor Seating","false"
"y3V2jqKmvWjyo9Mc-Ipn4g","Wi-Fi","no"
"y3V2jqKmvWjyo9Mc-Ipn4g","Good For Kids","true"
"R53UdKGf8uKUIqErS4vc0g","Waiter Service","false"
"R53UdKGf8uKUIqErS4vc0g","Attire","casual"
"R53UdKGf8uKUIqErS4vc0g","Delivery","false"
"R53UdKGf8uKUIqErS4vc0g","Good for Kids","false"
"R53UdKGf8uKUIqErS4vc0g","Wheelchair Accessible","true"
"R53UdKGf8uKUIqErS4vc0g","Good For Groups","false"
"R53UdKGf8uKUIqErS4vc0g","Take-out","true"
"R53UdKGf8uKUIqErS4vc0g","Price Range","1"
"R53UdKGf8uKUIqErS4vc0g","Outdoor Seating","true"
"R53UdKGf8uKUIqErS4vc0g","Takes Reservations","false"
"3RCa_Qq-j1yaySmdDvYwZw","By Appointment Only","true"
"7cP7WFmWiTVh-raIL3N_Vw","Coat Check","false"
"7cP7WFmWiTVh-raIL3N_Vw","Corkage","true"
"7cP7WFmWiTVh-raIL3N_Vw","Open 24 Hours","false"
"7cP7WFmWiTVh-raIL3N_Vw","Attire","casual"
"7cP7WFmWiTVh-raIL3N_Vw","Accepts Credit Cards","true"
"7cP7WFmWiTVh-raIL3N_Vw","Takes Reservations","false"
"7cP7WFmWiTVh-raIL3N_Vw","Order at Counter","true"
"7cP7WFmWiTVh-raIL3N_Vw","Smoking","outdoor"
"7cP7WFmWiTVh-raIL3N_Vw","Caters","false"
"7cP7WFmWiTVh-raIL3N_Vw","Outdoor Seating","false"
"7cP7WFmWiTVh-raIL3N_Vw","Wi-Fi","no"
"7cP7WFmWiTVh-raIL3N_Vw","Alcohol","beer_and_wine"
"7cP7WFmWiTVh-raIL3N_Vw","Waiter Service","true"
"7cP7WFmWiTVh-raIL3N_Vw","Delivery","false"
"7cP7WFmWiTVh-raIL3N_Vw","Happy Hour","true"
"7cP7WFmWiTVh-raIL3N_Vw","Good for Kids","false"
"7cP7WFmWiTVh-raIL3N_Vw","Take-out","false"
"7cP7WFmWiTVh-raIL3N_Vw","Price Range","2"
"7cP7WFmWiTVh-raIL3N_Vw","BYOB","false"
"7cP7WFmWiTVh-raIL3N_Vw","Noise Level","average"
"7cP7WFmWiTVh-raIL3N_Vw","Has TV","false"
"7cP7WFmWiTVh-raIL3N_Vw","Wheelchair Accessible","true"
"7cP7WFmWiTVh-raIL3N_Vw","BYOB/Corkage","no"
"7cP7WFmWiTVh-raIL3N_Vw","Good For Groups","false"
"7cP7WFmWiTVh-raIL3N_Vw","Good For Dancing","false"
"7cP7WFmWiTVh-raIL3N_Vw","Good For Kids","false"
"ElEF5b3n27IBzbA4R-1M1g","Waiter Service","false"
"ElEF5b3n27IBzbA4R-1M1g","Attire","casual"
"ElEF5b3n27IBzbA4R-1M1g","Take-out","true"
"ElEF5b3n27IBzbA4R-1M1g","Accepts Credit Cards","true"
"ElEF5b3n27IBzbA4R-1M1g","Price Range","2"
"ElEF5b3n27IBzbA4R-1M1g","Takes Reservations","false"
"W3VsNhHLMRj5ABMdMcpaUw","Alcohol","beer_and_wine"
"W3VsNhHLMRj5ABMdMcpaUw","Waiter Service","false"
"W3VsNhHLMRj5ABMdMcpaUw","Delivery","false"
"W3VsNhHLMRj5ABMdMcpaUw","Attire","formal"
"W3VsNhHLMRj5ABMdMcpaUw","Good for Kids","false"
"W3VsNhHLMRj5ABMdMcpaUw","Dogs Allowed","true"
"W3VsNhHLMRj5ABMdMcpaUw","Take-out","false"
"W3VsNhHLMRj5ABMdMcpaUw","Accepts Credit Cards","true"
"W3VsNhHLMRj5ABMdMcpaUw","Price Range","2"
"W3VsNhHLMRj5ABMdMcpaUw","Takes Reservations","false"
"W3VsNhHLMRj5ABMdMcpaUw","Noise Level","quiet"
"W3VsNhHLMRj5ABMdMcpaUw","Has TV","false"
"W3VsNhHLMRj5ABMdMcpaUw","Wheelchair Accessible","true"
"W3VsNhHLMRj5ABMdMcpaUw","Good For Groups","false"
"W3VsNhHLMRj5ABMdMcpaUw","Outdoor Seating","true"
"W3VsNhHLMRj5ABMdMcpaUw","Wi-Fi","free"
"U7KGTH26f4uyKXCHt4A4cw","By Appointment Only","false"
"U7KGTH26f4uyKXCHt4A4cw","Accepts Credit Cards","true"
"U7KGTH26f4uyKXCHt4A4cw","Price Range","2"
"VVxzmzGoRbjVV7P5bQcLfg","Price Range","2"
"gocKJln2Icy2IyCunB1eOA","Wheelchair Accessible","true"
"gocKJln2Icy2IyCunB1eOA","Accepts Credit Cards","true"
"gocKJln2Icy2IyCunB1eOA","Price Range","2"
"ZXlO9S1MG2I-L5uLSF-nPA","Alcohol","full_bar"
"ZXlO9S1MG2I-L5uLSF-nPA","Waiter Service","true"
"ZXlO9S1MG2I-L5uLSF-nPA","Delivery","true"
"ZXlO9S1MG2I-L5uLSF-nPA","Attire","casual"
"ZXlO9S1MG2I-L5uLSF-nPA","Good for Kids","false"
"ZXlO9S1MG2I-L5uLSF-nPA","Accepts Credit Cards","true"
"ZXlO9S1MG2I-L5uLSF-nPA","Price Range","2"
"ZXlO9S1MG2I-L5uLSF-nPA","Takes Reservations","false"
"ZXlO9S1MG2I-L5uLSF-nPA","Wheelchair Accessible","true"
"ZXlO9S1MG2I-L5uLSF-nPA","Good For Groups","true"
"ZXlO9S1MG2I-L5uLSF-nPA","Outdoor Seating","true"
"ZXlO9S1MG2I-L5uLSF-nPA","Good For Kids","false"
"-x_jL2OCWPdObGTOwIpN4w","Wheelchair Accessible","true"
"-x_jL2OCWPdObGTOwIpN4w","Accepts Credit Cards","true"
"-x_jL2OCWPdObGTOwIpN4w","Outdoor Seating","true"
"-x_jL2OCWPdObGTOwIpN4w","Price Range","1"
"-x_jL2OCWPdObGTOwIpN4w","Wi-Fi","free"
"7KCLeDNdFDkdoA6MUavxwQ","Alcohol","full_bar"
"7KCLeDNdFDkdoA6MUavxwQ","Waiter Service","true"
"7KCLeDNdFDkdoA6MUavxwQ","Delivery","false"
"7KCLeDNdFDkdoA6MUavxwQ","Attire","casual"
"7KCLeDNdFDkdoA6MUavxwQ","Good for Kids","true"
"7KCLeDNdFDkdoA6MUavxwQ","Take-out","true"
"7KCLeDNdFDkdoA6MUavxwQ","Accepts Credit Cards","true"
"7KCLeDNdFDkdoA6MUavxwQ","Price Range","2"
"7KCLeDNdFDkdoA6MUavxwQ","Takes Reservations","true"
"7KCLeDNdFDkdoA6MUavxwQ","Noise Level","average"
"7KCLeDNdFDkdoA6MUavxwQ","Has TV","true"
"7KCLeDNdFDkdoA6MUavxwQ","Wheelchair Accessible","true"
"7KCLeDNdFDkdoA6MUavxwQ","Good For Groups","true"
"7KCLeDNdFDkdoA6MUavxwQ","Outdoor Seating","false"
"2kZiyGqzB5Lnc0cZgHCOfw","Good for Kids","false"
"Zk584MLn3STVm1ZXpABSmA","Attire","casual"
"Zk584MLn3STVm1ZXpABSmA","Delivery","false"
"Zk584MLn3STVm1ZXpABSmA","Noise Level","average"
"Zk584MLn3STVm1ZXpABSmA","Has TV","true"
"Zk584MLn3STVm1ZXpABSmA","Take-out","true"
"Zk584MLn3STVm1ZXpABSmA","Accepts Credit Cards","true"
"Zk584MLn3STVm1ZXpABSmA","Price Range","1"
"Zk584MLn3STVm1ZXpABSmA","Outdoor Seating","false"
"Zk584MLn3STVm1ZXpABSmA","Takes Reservations","false"
"Zk584MLn3STVm1ZXpABSmA","Wi-Fi","no"
"y6uO4ydAwBHUujfiSktxZg","Alcohol","full_bar"
"y6uO4ydAwBHUujfiSktxZg","Waiter Service","true"
"y6uO4ydAwBHUujfiSktxZg","Attire","casual"
"y6uO4ydAwBHUujfiSktxZg","Delivery","false"
"y6uO4ydAwBHUujfiSktxZg","Good for Kids","true"
"y6uO4ydAwBHUujfiSktxZg","Take-out","true"
"y6uO4ydAwBHUujfiSktxZg","Accepts Credit Cards","true"
"y6uO4ydAwBHUujfiSktxZg","Price Range","2"
"y6uO4ydAwBHUujfiSktxZg","Takes Reservations","false"
"y6uO4ydAwBHUujfiSktxZg","Caters","true"
"y6uO4ydAwBHUujfiSktxZg","Noise Level","average"
"y6uO4ydAwBHUujfiSktxZg","Has TV","true"
"y6uO4ydAwBHUujfiSktxZg","Wheelchair Accessible","true"
"y6uO4ydAwBHUujfiSktxZg","Good For Groups","true"
"y6uO4ydAwBHUujfiSktxZg","Outdoor Seating","true"
"y6uO4ydAwBHUujfiSktxZg","Wi-Fi","no"
"uaL1-3F-L-BbgQalu8GVSw","Accepts Credit Cards","true"
"uaL1-3F-L-BbgQalu8GVSw","Price Range","1"
"LibQv6uJiktJh7U3beNA2g","Corkage","false"
"LibQv6uJiktJh7U3beNA2g","Alcohol","full_bar"
"LibQv6uJiktJh7U3beNA2g","Waiter Service","true"
"LibQv6uJiktJh7U3beNA2g","Delivery","false"
"LibQv6uJiktJh7U3beNA2g","Attire","casual"
"LibQv6uJiktJh7U3beNA2g","Good for Kids","true"
"LibQv6uJiktJh7U3beNA2g","Take-out","true"
"LibQv6uJiktJh7U3beNA2g","Accepts Credit Cards","true"
"LibQv6uJiktJh7U3beNA2g","Price Range","2"
"LibQv6uJiktJh7U3beNA2g","Takes Reservations","false"
"LibQv6uJiktJh7U3beNA2g","BYOB","false"
"LibQv6uJiktJh7U3beNA2g","BYOB/Corkage","yes_free"
"LibQv6uJiktJh7U3beNA2g","Wheelchair Accessible","true"
"LibQv6uJiktJh7U3beNA2g","Good For Groups","true"
"LibQv6uJiktJh7U3beNA2g","Outdoor Seating","false"
"LibQv6uJiktJh7U3beNA2g","Good For Kids","true"
"iZdynPTpKwbX5O3uLeC9Gg","Alcohol","none"
"iZdynPTpKwbX5O3uLeC9Gg","Waiter Service","false"
"iZdynPTpKwbX5O3uLeC9Gg","Delivery","false"
"iZdynPTpKwbX5O3uLeC9Gg","Attire","casual"
"iZdynPTpKwbX5O3uLeC9Gg","Good for Kids","true"
"iZdynPTpKwbX5O3uLeC9Gg","Take-out","true"
"iZdynPTpKwbX5O3uLeC9Gg","Accepts Credit Cards","true"
"iZdynPTpKwbX5O3uLeC9Gg","Price Range","1"
"iZdynPTpKwbX5O3uLeC9Gg","Takes Reservations","false"
"iZdynPTpKwbX5O3uLeC9Gg","Noise Level","quiet"
"iZdynPTpKwbX5O3uLeC9Gg","Has TV","true"
"iZdynPTpKwbX5O3uLeC9Gg","Good For Groups","true"
"iZdynPTpKwbX5O3uLeC9Gg","Outdoor Seating","true"
"NliiPZFKgFIRb34Qb_H-TA","By Appointment Only","false"
"NliiPZFKgFIRb34Qb_H-TA","Accepts Credit Cards","true"
"NliiPZFKgFIRb34Qb_H-TA","Price Range","2"
"tA2DT7CGQPzgA6tTcTkXDw","Coat Check","false"
"tA2DT7CGQPzgA6tTcTkXDw","Alcohol","full_bar"
"tA2DT7CGQPzgA6tTcTkXDw","Waiter Service","true"
"tA2DT7CGQPzgA6tTcTkXDw","Attire","casual"
"tA2DT7CGQPzgA6tTcTkXDw","Delivery","false"
"tA2DT7CGQPzgA6tTcTkXDw","Happy Hour","true"
"tA2DT7CGQPzgA6tTcTkXDw","Good for Kids","false"
"tA2DT7CGQPzgA6tTcTkXDw","Take-out","true"
"tA2DT7CGQPzgA6tTcTkXDw","Accepts Credit Cards","true"
"tA2DT7CGQPzgA6tTcTkXDw","Price Range","2"
"tA2DT7CGQPzgA6tTcTkXDw","Takes Reservations","true"
"tA2DT7CGQPzgA6tTcTkXDw","Smoking","outdoor"
"tA2DT7CGQPzgA6tTcTkXDw","Noise Level","average"
"tA2DT7CGQPzgA6tTcTkXDw","Wheelchair Accessible","true"
"tA2DT7CGQPzgA6tTcTkXDw","Good For Groups","true"
"tA2DT7CGQPzgA6tTcTkXDw","Outdoor Seating","true"
"tA2DT7CGQPzgA6tTcTkXDw","Wi-Fi","free"
"tA2DT7CGQPzgA6tTcTkXDw","Good For Dancing","false"
"q7w9tokdouwt0vEEzsRqxg","Accepts Credit Cards","true"
"q7w9tokdouwt0vEEzsRqxg","Price Range","1"
"q7w9tokdouwt0vEEzsRqxg","Wi-Fi","paid"
"UPbkeVTJR6C-1I7sCuUrmw","Waiter Service","true"
"UPbkeVTJR6C-1I7sCuUrmw","Delivery","true"
"UPbkeVTJR6C-1I7sCuUrmw","Attire","casual"
"UPbkeVTJR6C-1I7sCuUrmw","Good for Kids","true"
"UPbkeVTJR6C-1I7sCuUrmw","Take-out","true"
"UPbkeVTJR6C-1I7sCuUrmw","Accepts Credit Cards","true"
"UPbkeVTJR6C-1I7sCuUrmw","Price Range","1"
"UPbkeVTJR6C-1I7sCuUrmw","Takes Reservations","false"
"UPbkeVTJR6C-1I7sCuUrmw","Noise Level","very_loud"
"UPbkeVTJR6C-1I7sCuUrmw","Wheelchair Accessible","true"
"UPbkeVTJR6C-1I7sCuUrmw","Good For Groups","true"
"UPbkeVTJR6C-1I7sCuUrmw","Outdoor Seating","true"
"E_8a66uqjHXsvb4tdGnkXA","Accepts Credit Cards","true"
"E_8a66uqjHXsvb4tdGnkXA","Price Range","3"
"E_8a66uqjHXsvb4tdGnkXA","Wi-Fi","free"
"yMUVflS-2SnOGafXmdHy6w","Alcohol","none"
"yMUVflS-2SnOGafXmdHy6w","Waiter Service","true"
"yMUVflS-2SnOGafXmdHy6w","Attire","casual"
"yMUVflS-2SnOGafXmdHy6w","Delivery","false"
"yMUVflS-2SnOGafXmdHy6w","Good for Kids","true"
"yMUVflS-2SnOGafXmdHy6w","Take-out","true"
"yMUVflS-2SnOGafXmdHy6w","Accepts Credit Cards","true"
"yMUVflS-2SnOGafXmdHy6w","Price Range","1"
"yMUVflS-2SnOGafXmdHy6w","Takes Reservations","false"
"yMUVflS-2SnOGafXmdHy6w","Caters","false"
"yMUVflS-2SnOGafXmdHy6w","Noise Level","average"
"yMUVflS-2SnOGafXmdHy6w","Has TV","false"
"yMUVflS-2SnOGafXmdHy6w","Wheelchair Accessible","true"
"yMUVflS-2SnOGafXmdHy6w","Good For Groups","true"
"yMUVflS-2SnOGafXmdHy6w","Outdoor Seating","false"
"yMUVflS-2SnOGafXmdHy6w","Wi-Fi","no"
"5kW3gHsqag1WD6Z1_HD54Q","Wheelchair Accessible","true"
"5kW3gHsqag1WD6Z1_HD54Q","Accepts Credit Cards","true"
"5kW3gHsqag1WD6Z1_HD54Q","Outdoor Seating","true"
"5kW3gHsqag1WD6Z1_HD54Q","Price Range","2"
"5kW3gHsqag1WD6Z1_HD54Q","Wi-Fi","free"
"wqLEZpKy3qfE372OPAB4Pg","Alcohol","none"
"wqLEZpKy3qfE372OPAB4Pg","Waiter Service","false"
"wqLEZpKy3qfE372OPAB4Pg","Take-out","true"
"LzreyGNkVTYw4JFuSxWstA","Alcohol","none"
"LzreyGNkVTYw4JFuSxWstA","Waiter Service","true"
"LzreyGNkVTYw4JFuSxWstA","Good for Kids","true"
"LzreyGNkVTYw4JFuSxWstA","Noise Level","quiet"
"LzreyGNkVTYw4JFuSxWstA","Has TV","true"
"LzreyGNkVTYw4JFuSxWstA","Good For Groups","true"
"LzreyGNkVTYw4JFuSxWstA","Accepts Credit Cards","true"
"LzreyGNkVTYw4JFuSxWstA","Price Range","1"
"NleiJA9dpfKjhxe0cCD1MA","Waiter Service","true"
"NleiJA9dpfKjhxe0cCD1MA","Attire","dressy"
"NleiJA9dpfKjhxe0cCD1MA","Happy Hour","true"
"NleiJA9dpfKjhxe0cCD1MA","Delivery","false"
"NleiJA9dpfKjhxe0cCD1MA","Good for Kids","false"
"NleiJA9dpfKjhxe0cCD1MA","Wheelchair Accessible","true"
"NleiJA9dpfKjhxe0cCD1MA","Good For Groups","false"
"NleiJA9dpfKjhxe0cCD1MA","Accepts Credit Cards","true"
"NleiJA9dpfKjhxe0cCD1MA","Price Range","2"
"NleiJA9dpfKjhxe0cCD1MA","Outdoor Seating","true"
"m2N5lcfXv5I2TVcXcMTtOw","Good for Kids","false"
"2e1jzfiHFGCRpV66gYNVbA","Wheelchair Accessible","true"
"2e1jzfiHFGCRpV66gYNVbA","Accepts Credit Cards","true"
"2e1jzfiHFGCRpV66gYNVbA","Price Range","3"
"L9UYbtAUOcfTgZFimehlXw","Alcohol","beer_and_wine"
"L9UYbtAUOcfTgZFimehlXw","Waiter Service","true"
"L9UYbtAUOcfTgZFimehlXw","Attire","casual"
"L9UYbtAUOcfTgZFimehlXw","Delivery","false"
"L9UYbtAUOcfTgZFimehlXw","Good for Kids","true"
"L9UYbtAUOcfTgZFimehlXw","Take-out","true"
"L9UYbtAUOcfTgZFimehlXw","Accepts Credit Cards","true"
"L9UYbtAUOcfTgZFimehlXw","Price Range","2"
"L9UYbtAUOcfTgZFimehlXw","Takes Reservations","false"
"L9UYbtAUOcfTgZFimehlXw","Caters","false"
"L9UYbtAUOcfTgZFimehlXw","Noise Level","average"
"L9UYbtAUOcfTgZFimehlXw","Has TV","false"
"L9UYbtAUOcfTgZFimehlXw","Wheelchair Accessible","true"
"L9UYbtAUOcfTgZFimehlXw","Good For Groups","true"
"L9UYbtAUOcfTgZFimehlXw","Outdoor Seating","true"
"L9UYbtAUOcfTgZFimehlXw","Wi-Fi","free"
"Lw5HqHiaH8Xag5rIF6nDsw","By Appointment Only","true"
"Lw5HqHiaH8Xag5rIF6nDsw","Wheelchair Accessible","true"
"Lw5HqHiaH8Xag5rIF6nDsw","Accepts Credit Cards","true"
"Lw5HqHiaH8Xag5rIF6nDsw","Price Range","2"
"WEUgyNNslbwhqYgku8Gt3Q","Alcohol","full_bar"
"WEUgyNNslbwhqYgku8Gt3Q","Waiter Service","true"
"WEUgyNNslbwhqYgku8Gt3Q","Delivery","false"
"WEUgyNNslbwhqYgku8Gt3Q","Attire","casual"
"WEUgyNNslbwhqYgku8Gt3Q","Good for Kids","true"
"WEUgyNNslbwhqYgku8Gt3Q","Take-out","true"
"WEUgyNNslbwhqYgku8Gt3Q","Accepts Credit Cards","true"
"WEUgyNNslbwhqYgku8Gt3Q","Price Range","2"
"WEUgyNNslbwhqYgku8Gt3Q","Takes Reservations","true"
"WEUgyNNslbwhqYgku8Gt3Q","Noise Level","average"
"WEUgyNNslbwhqYgku8Gt3Q","Has TV","true"
"WEUgyNNslbwhqYgku8Gt3Q","Good For Groups","true"
"WEUgyNNslbwhqYgku8Gt3Q","Outdoor Seating","true"
"WEUgyNNslbwhqYgku8Gt3Q","Wi-Fi","free"
"5wefpQ4OhJ4srP6j1vLTWw","By Appointment Only","false"
"5wefpQ4OhJ4srP6j1vLTWw","Wheelchair Accessible","true"
"5wefpQ4OhJ4srP6j1vLTWw","Accepts Credit Cards","true"
"5wefpQ4OhJ4srP6j1vLTWw","Price Range","3"
"JyqLejwP2CJ4KqdG9fOxDg","Accepts Credit Cards","true"
"JyqLejwP2CJ4KqdG9fOxDg","Price Range","1"
"JyqLejwP2CJ4KqdG9fOxDg","Outdoor Seating","true"
"JyqLejwP2CJ4KqdG9fOxDg","Wi-Fi","free"
"ealuKGLqWQ8VsOU12hq4sA","Alcohol","none"
"ealuKGLqWQ8VsOU12hq4sA","Waiter Service","false"
"ealuKGLqWQ8VsOU12hq4sA","Delivery","true"
"ealuKGLqWQ8VsOU12hq4sA","Attire","casual"
"ealuKGLqWQ8VsOU12hq4sA","Good for Kids","true"
"ealuKGLqWQ8VsOU12hq4sA","Take-out","true"
"ealuKGLqWQ8VsOU12hq4sA","Accepts Credit Cards","true"
"ealuKGLqWQ8VsOU12hq4sA","Price Range","2"
"ealuKGLqWQ8VsOU12hq4sA","Takes Reservations","false"
"ealuKGLqWQ8VsOU12hq4sA","Noise Level","loud"
"ealuKGLqWQ8VsOU12hq4sA","Has TV","true"
"ealuKGLqWQ8VsOU12hq4sA","Good For Groups","true"
"ealuKGLqWQ8VsOU12hq4sA","Outdoor Seating","true"
"Sodko0hlMg7F5doNJGKcWQ","Alcohol","full_bar"
"Sodko0hlMg7F5doNJGKcWQ","Waiter Service","true"
"Sodko0hlMg7F5doNJGKcWQ","Delivery","false"
"Sodko0hlMg7F5doNJGKcWQ","Attire","casual"
"Sodko0hlMg7F5doNJGKcWQ","Good for Kids","true"
"Sodko0hlMg7F5doNJGKcWQ","Take-out","true"
"Sodko0hlMg7F5doNJGKcWQ","Accepts Credit Cards","true"
"Sodko0hlMg7F5doNJGKcWQ","Price Range","2"
"Sodko0hlMg7F5doNJGKcWQ","Takes Reservations","true"
"Sodko0hlMg7F5doNJGKcWQ","Noise Level","average"
"Sodko0hlMg7F5doNJGKcWQ","Wheelchair Accessible","true"
"Sodko0hlMg7F5doNJGKcWQ","Good For Groups","true"
"Sodko0hlMg7F5doNJGKcWQ","Outdoor Seating","false"
"mBM3e0DHU9T2r_mfojSciQ","Price Range","2"
"4dAvlk4JufJKX3bYB6YLCQ","Accepts Credit Cards","true"
"4dAvlk4JufJKX3bYB6YLCQ","Price Range","2"
"4dAvlk4JufJKX3bYB6YLCQ","Outdoor Seating","true"
